capture_id,commit,dirty_hash,toolchain,target,os,cpu,filesystem,benchmark_root,implementation,policy,store_family,storage_mode,workload,workers,payload_bytes,warmup_count,sample_index,operations,elapsed_ns,ops_per_second,p95_latency_ns,failed_operations
"reference-pre-feature","6d7edc7c29a60a94c59effeeb2b78d8b95038135","default-hasher:ed7c19232d71b0cf","rustc 1.97.0 (2d8144b78 2026-07-07)","x86_64-unknown-linux-gnu","Linux 7.0.11-76070011-generic x86_64","Intel(R) Core(TM) Ultra 7 155H","/dev/nvme0n1p3[/tmp] ext4   rw,nosuid,nodev,noatime,errors=remount-ro","/tmp/pigment-db-durability-bench","mutex_file_reference","append_plus_barrier","key_value","file","ordinary_write","1","32","5","0","1024","1036348055","988.085031","976880","0"
"reference-pre-feature","6d7edc7c29a60a94c59effeeb2b78d8b95038135","default-hasher:ed7c19232d71b0cf","rustc 1.97.0 (2d8144b78 2026-07-07)","x86_64-unknown-linux-gnu","Linux 7.0.11-76070011-generic x86_64","Intel(R) Core(TM) Ultra 7 155H","/dev/nvme0n1p3[/tmp] ext4   rw,nosuid,nodev,noatime,errors=remount-ro","/tmp/pigment-db-durability-bench","mutex_file_reference","append_plus_barrier","key_value","file","ordinary_write","1","32","5","1","1024","1019635534","1004.280418","968860","0"
"reference-pre-feature","6d7edc7c29a60a94c59effeeb2b78d8b95038135","default-hasher:ed7c19232d71b0cf","rustc 1.97.0 (2d8144b78 2026-07-07)","x86_64-unknown-linux-gnu","Linux 7.0.11-76070011-generic x86_64","Intel(R) Core(TM) Ultra 7 155H","/dev/nvme0n1p3[/tmp] ext4   rw,nosuid,nodev,noatime,errors=remount-ro","/tmp/pigment-db-durability-bench","mutex_file_reference","append_plus_barrier","key_value","file","ordinary_write","1","32","5","2","1024","1035166427","989.212916","998190","0"
"reference-pre-feature","6d7edc7c29a60a94c59effeeb2b78d8b95038135","default-hasher:ed7c19232d71b0cf","rustc 1.97.0 (2d8144b78 2026-07-07)","x86_64-unknown-linux-gnu","Linux 7.0.11-76070011-generic x86_64","Intel(R) Core(TM) Ultra 7 155H","/dev/nvme0n1p3[/tmp] ext4   rw,nosuid,nodev,noatime,errors=remount-ro","/tmp/pigment-db-durability-bench","mutex_file_reference","append_plus_barrier","key_value","file","ordinary_write","1","32","5","3","1024","1047393345","977.665177","996985","0"
"reference-pre-feature","6d7edc7c29a60a94c59effeeb2b78d8b95038135","default-hasher:ed7c19232d71b0cf","rustc 1.97.0 (2d8144b78 2026-07-07)","x86_64-unknown-linux-gnu","Linux 7.0.11-76070011-generic x86_64","Intel(R) Core(TM) Ultra 7 155H","/dev/nvme0n1p3[/tmp] ext4   rw,nosuid,nodev,noatime,errors=remount-ro","/tmp/pigment-db-durability-bench","mutex_file_reference","append_plus_barrier","key_value","file","ordinary_write","1","32","5","4","1024","1040353594","984.280735","997839","0"
"reference-pre-feature","6d7edc7c29a60a94c59effeeb2b78d8b95038135","default-hasher:ed7c19232d71b0cf","rustc 1.97.0 (2d8144b78 2026-07-07)","x86_64-unknown-linux-gnu","Linux 7.0.11-76070011-generic x86_64","Intel(R) Core(TM) Ultra 7 155H","/dev/nvme0n1p3[/tmp] ext4   rw,nosuid,nodev,noatime,errors=remount-ro","/tmp/pigment-db-durability-bench","mutex_file_reference","append_plus_barrier","key_value","file","ordinary_write","1","32","5","5","1024","1032851572","991.429967","973731","0"
"reference-pre-feature","6d7edc7c29a60a94c59effeeb2b78d8b95038135","default-hasher:ed7c19232d71b0cf","rustc 1.97.0 (2d8144b78 2026-07-07)","x86_64-unknown-linux-gnu","Linux 7.0.11-76070011-generic x86_64","Intel(R) Core(TM) Ultra 7 155H","/dev/nvme0n1p3[/tmp] ext4   rw,nosuid,nodev,noatime,errors=remount-ro","/tmp/pigment-db-durability-bench","mutex_file_reference","append_plus_barrier","key_value","file","ordinary_write","1","32","5","6","1024","1019455552","1004.457721","956751","0"
"reference-pre-feature","6d7edc7c29a60a94c59effeeb2b78d8b95038135","default-hasher:ed7c19232d71b0cf","rustc 1.97.0 (2d8144b78 2026-07-07)","x86_64-unknown-linux-gnu","Linux 7.0.11-76070011-generic x86_64","Intel(R) Core(TM) Ultra 7 155H","/dev/nvme0n1p3[/tmp] ext4   rw,nosuid,nodev,noatime,errors=remount-ro","/tmp/pigment-db-durability-bench","mutex_file_reference","append_plus_barrier","key_value","file","ordinary_write","1","32","5","7","1024","1013067590","1010.791393","989867","0"
"reference-pre-feature","6d7edc7c29a60a94c59effeeb2b78d8b95038135","default-hasher:ed7c19232d71b0cf","rustc 1.97.0 (2d8144b78 2026-07-07)","x86_64-unknown-linux-gnu","Linux 7.0.11-76070011-generic x86_64","Intel(R) Core(TM) Ultra 7 155H","/dev/nvme0n1p3[/tmp] ext4   rw,nosuid,nodev,noatime,errors=remount-ro","/tmp/pigment-db-durability-bench","mutex_file_reference","append_plus_barrier","key_value","file","ordinary_write","1","32","5","8","1024","1038180471","986.341035","973570","0"
"reference-pre-feature","6d7edc7c29a60a94c59effeeb2b78d8b95038135","default-hasher:ed7c19232d71b0cf","rustc 1.97.0 (2d8144b78 2026-07-07)","x86_64-unknown-linux-gnu","Linux 7.0.11-76070011-generic x86_64","Intel(R) Core(TM) Ultra 7 155H","/dev/nvme0n1p3[/tmp] ext4   rw,nosuid,nodev,noatime,errors=remount-ro","/tmp/pigment-db-durability-bench","mutex_file_reference","append_plus_barrier","key_value","file","ordinary_write","1","32","5","9","1024","1024903066","999.118877","1013223","0"
"reference-pre-feature","6d7edc7c29a60a94c59effeeb2b78d8b95038135","default-hasher:ed7c19232d71b0cf","rustc 1.97.0 (2d8144b78 2026-07-07)","x86_64-unknown-linux-gnu","Linux 7.0.11-76070011-generic x86_64","Intel(R) Core(TM) Ultra 7 155H","/dev/nvme0n1p3[/tmp] ext4   rw,nosuid,nodev,noatime,errors=remount-ro","/tmp/pigment-db-durability-bench","mutex_file_reference","append_plus_barrier","key_value","file","ordinary_write","1","32","5","10","1024","1044079858","980.767891","997254","0"
"reference-pre-feature","6d7edc7c29a60a94c59effeeb2b78d8b95038135","default-hasher:ed7c19232d71b0cf","rustc 1.97.0 (2d8144b78 2026-07-07)","x86_64-unknown-linux-gnu","Linux 7.0.11-76070011-generic x86_64","Intel(R) Core(TM) Ultra 7 155H","/dev/nvme0n1p3[/tmp] ext4   rw,nosuid,nodev,noatime,errors=remount-ro","/tmp/pigment-db-durability-bench","mutex_file_reference","append_plus_barrier","key_value","file","ordinary_write","8","32","5","0","1024","1110789264","921.867030","1414391","0"
"reference-pre-feature","6d7edc7c29a60a94c59effeeb2b78d8b95038135","default-hasher:ed7c19232d71b0cf","rustc 1.97.0 (2d8144b78 2026-07-07)","x86_64-unknown-linux-gnu","Linux 7.0.11-76070011-generic x86_64","Intel(R) Core(TM) Ultra 7 155H","/dev/nvme0n1p3[/tmp] ext4   rw,nosuid,nodev,noatime,errors=remount-ro","/tmp/pigment-db-durability-bench","mutex_file_reference","append_plus_barrier","key_value","file","ordinary_write","8","32","5","1","1024","1094486508","935.598559","1351487","0"
"reference-pre-feature","6d7edc7c29a60a94c59effeeb2b78d8b95038135","default-hasher:ed7c19232d71b0cf","rustc 1.97.0 (2d8144b78 2026-07-07)","x86_64-unknown-linux-gnu","Linux 7.0.11-76070011-generic x86_64","Intel(R) Core(TM) Ultra 7 155H","/dev/nvme0n1p3[/tmp] ext4   rw,nosuid,nodev,noatime,errors=remount-ro","/tmp/pigment-db-durability-bench","mutex_file_reference","append_plus_barrier","key_value","file","ordinary_write","8","32","5","2","1024","1102038667","929.186997","1417099","0"
"reference-pre-feature","6d7edc7c29a60a94c59effeeb2b78d8b95038135","default-hasher:ed7c19232d71b0cf","rustc 1.97.0 (2d8144b78 2026-07-07)","x86_64-unknown-linux-gnu","Linux 7.0.11-76070011-generic x86_64","Intel(R) Core(TM) Ultra 7 155H","/dev/nvme0n1p3[/tmp] ext4   rw,nosuid,nodev,noatime,errors=remount-ro","/tmp/pigment-db-durability-bench","mutex_file_reference","append_plus_barrier","key_value","file","ordinary_write","8","32","5","3","1024","1106921249","925.088394","1751422","0"
"reference-pre-feature","6d7edc7c29a60a94c59effeeb2b78d8b95038135","default-hasher:ed7c19232d71b0cf","rustc 1.97.0 (2d8144b78 2026-07-07)","x86_64-unknown-linux-gnu","Linux 7.0.11-76070011-generic x86_64","Intel(R) Core(TM) Ultra 7 155H","/dev/nvme0n1p3[/tmp] ext4   rw,nosuid,nodev,noatime,errors=remount-ro","/tmp/pigment-db-durability-bench","mutex_file_reference","append_plus_barrier","key_value","file","ordinary_write","8","32","5","4","1024","1098963777","931.786854","1354225","0"
"reference-pre-feature","6d7edc7c29a60a94c59effeeb2b78d8b95038135","default-hasher:ed7c19232d71b0cf","rustc 1.97.0 (2d8144b78 2026-07-07)","x86_64-unknown-linux-gnu","Linux 7.0.11-76070011-generic x86_64","Intel(R) Core(TM) Ultra 7 155H","/dev/nvme0n1p3[/tmp] ext4   rw,nosuid,nodev,noatime,errors=remount-ro","/tmp/pigment-db-durability-bench","mutex_file_reference","append_plus_barrier","key_value","file","ordinary_write","8","32","5","5","1024","1113111849","919.943491","1371478","0"
"reference-pre-feature","6d7edc7c29a60a94c59effeeb2b78d8b95038135","default-hasher:ed7c19232d71b0cf","rustc 1.97.0 (2d8144b78 2026-07-07)","x86_64-unknown-linux-gnu","Linux 7.0.11-76070011-generic x86_64","Intel(R) Core(TM) Ultra 7 155H","/dev/nvme0n1p3[/tmp] ext4   rw,nosuid,nodev,noatime,errors=remount-ro","/tmp/pigment-db-durability-bench","mutex_file_reference","append_plus_barrier","key_value","file","ordinary_write","8","32","5","6","1024","1097276843","933.219366","1677174","0"
"reference-pre-feature","6d7edc7c29a60a94c59effeeb2b78d8b95038135","default-hasher:ed7c19232d71b0cf","rustc 1.97.0 (2d8144b78 2026-07-07)","x86_64-unknown-linux-gnu","Linux 7.0.11-76070011-generic x86_64","Intel(R) Core(TM) Ultra 7 155H","/dev/nvme0n1p3[/tmp] ext4   rw,nosuid,nodev,noatime,errors=remount-ro","/tmp/pigment-db-durability-bench","mutex_file_reference","append_plus_barrier","key_value","file","ordinary_write","8","32","5","7","1024","1159346149","883.256481","1764040","0"
"reference-pre-feature","6d7edc7c29a60a94c59effeeb2b78d8b95038135","default-hasher:ed7c19232d71b0cf","rustc 1.97.0 (2d8144b78 2026-07-07)","x86_64-unknown-linux-gnu","Linux 7.0.11-76070011-generic x86_64","Intel(R) Core(TM) Ultra 7 155H","/dev/nvme0n1p3[/tmp] ext4   rw,nosuid,nodev,noatime,errors=remount-ro","/tmp/pigment-db-durability-bench","mutex_file_reference","append_plus_barrier","key_value","file","ordinary_write","8","32","5","8","1024","1191109059","859.702974","2004359","0"
"reference-pre-feature","6d7edc7c29a60a94c59effeeb2b78d8b95038135","default-hasher:ed7c19232d71b0cf","rustc 1.97.0 (2d8144b78 2026-07-07)","x86_64-unknown-linux-gnu","Linux 7.0.11-76070011-generic x86_64","Intel(R) Core(TM) Ultra 7 155H","/dev/nvme0n1p3[/tmp] ext4   rw,nosuid,nodev,noatime,errors=remount-ro","/tmp/pigment-db-durability-bench","mutex_file_reference","append_plus_barrier","key_value","file","ordinary_write","8","32","5","9","1024","1217174576","841.292630","2105511","0"
"reference-pre-feature","6d7edc7c29a60a94c59effeeb2b78d8b95038135","default-hasher:ed7c19232d71b0cf","rustc 1.97.0 (2d8144b78 2026-07-07)","x86_64-unknown-linux-gnu","Linux 7.0.11-76070011-generic x86_64","Intel(R) Core(TM) Ultra 7 155H","/dev/nvme0n1p3[/tmp] ext4   rw,nosuid,nodev,noatime,errors=remount-ro","/tmp/pigment-db-durability-bench","mutex_file_reference","append_plus_barrier","key_value","file","ordinary_write","8","32","5","10","1024","1275765045","802.655633","2874732","0"
"reference-pre-feature","6d7edc7c29a60a94c59effeeb2b78d8b95038135","default-hasher:ed7c19232d71b0cf","rustc 1.97.0 (2d8144b78 2026-07-07)","x86_64-unknown-linux-gnu","Linux 7.0.11-76070011-generic x86_64","Intel(R) Core(TM) Ultra 7 155H","/dev/nvme0n1p3[/tmp] ext4   rw,nosuid,nodev,noatime,errors=remount-ro","/tmp/pigment-db-durability-bench","mutex_file_reference","append_plus_barrier","key_value","file","successful_remove","1","32","5","0","1024","1121269933","913.250208","1350484","0"
"reference-pre-feature","6d7edc7c29a60a94c59effeeb2b78d8b95038135","default-hasher:ed7c19232d71b0cf","rustc 1.97.0 (2d8144b78 2026-07-07)","x86_64-unknown-linux-gnu","Linux 7.0.11-76070011-generic x86_64","Intel(R) Core(TM) Ultra 7 155H","/dev/nvme0n1p3[/tmp] ext4   rw,nosuid,nodev,noatime,errors=remount-ro","/tmp/pigment-db-durability-bench","mutex_file_reference","append_plus_barrier","key_value","file","successful_remove","1","32","5","1","1024","1073104964","954.240297","1085645","0"
"reference-pre-feature","6d7edc7c29a60a94c59effeeb2b78d8b95038135","default-hasher:ed7c19232d71b0cf","rustc 1.97.0 (2d8144b78 2026-07-07)","x86_64-unknown-linux-gnu","Linux 7.0.11-76070011-generic x86_64","Intel(R) Core(TM) Ultra 7 155H","/dev/nvme0n1p3[/tmp] ext4   rw,nosuid,nodev,noatime,errors=remount-ro","/tmp/pigment-db-durability-bench","mutex_file_reference","append_plus_barrier","key_value","file","successful_remove","1","32","5","2","1024","1036710295","987.739781","995169","0"
"reference-pre-feature","6d7edc7c29a60a94c59effeeb2b78d8b95038135","default-hasher:ed7c19232d71b0cf","rustc 1.97.0 (2d8144b78 2026-07-07)","x86_64-unknown-linux-gnu","Linux 7.0.11-76070011-generic x86_64","Intel(R) Core(TM) Ultra 7 155H","/dev/nvme0n1p3[/tmp] ext4   rw,nosuid,nodev,noatime,errors=remount-ro","/tmp/pigment-db-durability-bench","mutex_file_reference","append_plus_barrier","key_value","file","successful_remove","1","32","5","3","1024","1046848899","978.173642","973593","0"
"reference-pre-feature","6d7edc7c29a60a94c59effeeb2b78d8b95038135","default-hasher:ed7c19232d71b0cf","rustc 1.97.0 (2d8144b78 2026-07-07)","x86_64-unknown-linux-gnu","Linux 7.0.11-76070011-generic x86_64","Intel(R) Core(TM) Ultra 7 155H","/dev/nvme0n1p3[/tmp] ext4   rw,nosuid,nodev,noatime,errors=remount-ro","/tmp/pigment-db-durability-bench","mutex_file_reference","append_plus_barrier","key_value","file","successful_remove","1","32","5","4","1024","1031562031","992.669340","982571","0"
"reference-pre-feature","6d7edc7c29a60a94c59effeeb2b78d8b95038135","default-hasher:ed7c19232d71b0cf","rustc 1.97.0 (2d8144b78 2026-07-07)","x86_64-unknown-linux-gnu","Linux 7.0.11-76070011-generic x86_64","Intel(R) Core(TM) Ultra 7 155H","/dev/nvme0n1p3[/tmp] ext4   rw,nosuid,nodev,noatime,errors=remount-ro","/tmp/pigment-db-durability-bench","mutex_file_reference","append_plus_barrier","key_value","file","successful_remove","1","32","5","5","1024","1038550895","985.989233","988328","0"
"reference-pre-feature","6d7edc7c29a60a94c59effeeb2b78d8b95038135","default-hasher:ed7c19232d71b0cf","rustc 1.97.0 (2d8144b78 2026-07-07)","x86_64-unknown-linux-gnu","Linux 7.0.11-76070011-generic x86_64","Intel(R) Core(TM) Ultra 7 155H","/dev/nvme0n1p3[/tmp] ext4   rw,nosuid,nodev,noatime,errors=remount-ro","/tmp/pigment-db-durability-bench","mutex_file_reference","append_plus_barrier","key_value","file","successful_remove","1","32","5","6","1024","1069129306","957.788730","1032457","0"
"reference-pre-feature","6d7edc7c29a60a94c59effeeb2b78d8b95038135","default-hasher:ed7c19232d71b0cf","rustc 1.97.0 (2d8144b78 2026-07-07)","x86_64-unknown-linux-gnu","Linux 7.0.11-76070011-generic x86_64","Intel(R) Core(TM) Ultra 7 155H","/dev/nvme0n1p3[/tmp] ext4   rw,nosuid,nodev,noatime,errors=remount-ro","/tmp/pigment-db-durability-bench","mutex_file_reference","append_plus_barrier","key_value","file","successful_remove","1","32","5","7","1024","1061913853","964.296677","1032169","0"
"reference-pre-feature","6d7edc7c29a60a94c59effeeb2b78d8b95038135","default-hasher:ed7c19232d71b0cf","rustc 1.97.0 (2d8144b78 2026-07-07)","x86_64-unknown-linux-gnu","Linux 7.0.11-76070011-generic x86_64","Intel(R) Core(TM) Ultra 7 155H","/dev/nvme0n1p3[/tmp] ext4   rw,nosuid,nodev,noatime,errors=remount-ro","/tmp/pigment-db-durability-bench","mutex_file_reference","append_plus_barrier","key_value","file","successful_remove","1","32","5","8","1024","1060418727","965.656277","1016815","0"
"reference-pre-feature","6d7edc7c29a60a94c59effeeb2b78d8b95038135","default-hasher:ed7c19232d71b0cf","rustc 1.97.0 (2d8144b78 2026-07-07)","x86_64-unknown-linux-gnu","Linux 7.0.11-76070011-generic x86_64","Intel(R) Core(TM) Ultra 7 155H","/dev/nvme0n1p3[/tmp] ext4   rw,nosuid,nodev,noatime,errors=remount-ro","/tmp/pigment-db-durability-bench","mutex_file_reference","append_plus_barrier","key_value","file","successful_remove","1","32","5","9","1024","1038815575","985.738012","1002453","0"
"reference-pre-feature","6d7edc7c29a60a94c59effeeb2b78d8b95038135","default-hasher:ed7c19232d71b0cf","rustc 1.97.0 (2d8144b78 2026-07-07)","x86_64-unknown-linux-gnu","Linux 7.0.11-76070011-generic x86_64","Intel(R) Core(TM) Ultra 7 155H","/dev/nvme0n1p3[/tmp] ext4   rw,nosuid,nodev,noatime,errors=remount-ro","/tmp/pigment-db-durability-bench","mutex_file_reference","append_plus_barrier","key_value","file","successful_remove","1","32","5","10","1024","1030873168","993.332673","1000958","0"
"reference-pre-feature","6d7edc7c29a60a94c59effeeb2b78d8b95038135","default-hasher:ed7c19232d71b0cf","rustc 1.97.0 (2d8144b78 2026-07-07)","x86_64-unknown-linux-gnu","Linux 7.0.11-76070011-generic x86_64","Intel(R) Core(TM) Ultra 7 155H","/dev/nvme0n1p3[/tmp] ext4   rw,nosuid,nodev,noatime,errors=remount-ro","/tmp/pigment-db-durability-bench","mutex_file_reference","append_plus_barrier","key_value","file","successful_remove","8","32","5","0","1024","1043475947","981.335509","1024312","0"
"reference-pre-feature","6d7edc7c29a60a94c59effeeb2b78d8b95038135","default-hasher:ed7c19232d71b0cf","rustc 1.97.0 (2d8144b78 2026-07-07)","x86_64-unknown-linux-gnu","Linux 7.0.11-76070011-generic x86_64","Intel(R) Core(TM) Ultra 7 155H","/dev/nvme0n1p3[/tmp] ext4   rw,nosuid,nodev,noatime,errors=remount-ro","/tmp/pigment-db-durability-bench","mutex_file_reference","append_plus_barrier","key_value","file","successful_remove","8","32","5","1","1024","1038628669","985.915400","1009469","0"
"reference-pre-feature","6d7edc7c29a60a94c59effeeb2b78d8b95038135","default-hasher:ed7c19232d71b0cf","rustc 1.97.0 (2d8144b78 2026-07-07)","x86_64-unknown-linux-gnu","Linux 7.0.11-76070011-generic x86_64","Intel(R) Core(TM) Ultra 7 155H","/dev/nvme0n1p3[/tmp] ext4   rw,nosuid,nodev,noatime,errors=remount-ro","/tmp/pigment-db-durability-bench","mutex_file_reference","append_plus_barrier","key_value","file","successful_remove","8","32","5","2","1024","1055669384","970.000661","1061644","0"
"reference-pre-feature","6d7edc7c29a60a94c59effeeb2b78d8b95038135","default-hasher:ed7c19232d71b0cf","rustc 1.97.0 (2d8144b78 2026-07-07)","x86_64-unknown-linux-gnu","Linux 7.0.11-76070011-generic x86_64","Intel(R) Core(TM) Ultra 7 155H","/dev/nvme0n1p3[/tmp] ext4   rw,nosuid,nodev,noatime,errors=remount-ro","/tmp/pigment-db-durability-bench","mutex_file_reference","append_plus_barrier","key_value","file","successful_remove","8","32","5","3","1024","1042730640","982.036933","994843","0"
"reference-pre-feature","6d7edc7c29a60a94c59effeeb2b78d8b95038135","default-hasher:ed7c19232d71b0cf","rustc 1.97.0 (2d8144b78 2026-07-07)","x86_64-unknown-linux-gnu","Linux 7.0.11-76070011-generic x86_64","Intel(R) Core(TM) Ultra 7 155H","/dev/nvme0n1p3[/tmp] ext4   rw,nosuid,nodev,noatime,errors=remount-ro","/tmp/pigment-db-durability-bench","mutex_file_reference","append_plus_barrier","key_value","file","successful_remove","8","32","5","4","1024","1033676994","990.638281","1014493","0"
"reference-pre-feature","6d7edc7c29a60a94c59effeeb2b78d8b95038135","default-hasher:ed7c19232d71b0cf","rustc 1.97.0 (2d8144b78 2026-07-07)","x86_64-unknown-linux-gnu","Linux 7.0.11-76070011-generic x86_64","Intel(R) Core(TM) Ultra 7 155H","/dev/nvme0n1p3[/tmp] ext4   rw,nosuid,nodev,noatime,errors=remount-ro","/tmp/pigment-db-durability-bench","mutex_file_reference","append_plus_barrier","key_value","file","successful_remove","8","32","5","5","1024","1112448544","920.492013","1655599","0"
"reference-pre-feature","6d7edc7c29a60a94c59effeeb2b78d8b95038135","default-hasher:ed7c19232d71b0cf","rustc 1.97.0 (2d8144b78 2026-07-07)","x86_64-unknown-linux-gnu","Linux 7.0.11-76070011-generic x86_64","Intel(R) Core(TM) Ultra 7 155H","/dev/nvme0n1p3[/tmp] ext4   rw,nosuid,nodev,noatime,errors=remount-ro","/tmp/pigment-db-durability-bench","mutex_file_reference","append_plus_barrier","key_value","file","successful_remove","8","32","5","6","1024","1048706570","976.440912","1031114","0"
"reference-pre-feature","6d7edc7c29a60a94c59effeeb2b78d8b95038135","default-hasher:ed7c19232d71b0cf","rustc 1.97.0 (2d8144b78 2026-07-07)","x86_64-unknown-linux-gnu","Linux 7.0.11-76070011-generic x86_64","Intel(R) Core(TM) Ultra 7 155H","/dev/nvme0n1p3[/tmp] ext4   rw,nosuid,nodev,noatime,errors=remount-ro","/tmp/pigment-db-durability-bench","mutex_file_reference","append_plus_barrier","key_value","file","successful_remove","8","32","5","7","1024","1051410160","973.930098","1011642","0"
"reference-pre-feature","6d7edc7c29a60a94c59effeeb2b78d8b95038135","default-hasher:ed7c19232d71b0cf","rustc 1.97.0 (2d8144b78 2026-07-07)","x86_64-unknown-linux-gnu","Linux 7.0.11-76070011-generic x86_64","Intel(R) Core(TM) Ultra 7 155H","/dev/nvme0n1p3[/tmp] ext4   rw,nosuid,nodev,noatime,errors=remount-ro","/tmp/pigment-db-durability-bench","mutex_file_reference","append_plus_barrier","key_value","file","successful_remove","8","32","5","8","1024","1043131624","981.659434","1050371","0"
"reference-pre-feature","6d7edc7c29a60a94c59effeeb2b78d8b95038135","default-hasher:ed7c19232d71b0cf","rustc 1.97.0 (2d8144b78 2026-07-07)","x86_64-unknown-linux-gnu","Linux 7.0.11-76070011-generic x86_64","Intel(R) Core(TM) Ultra 7 155H","/dev/nvme0n1p3[/tmp] ext4   rw,nosuid,nodev,noatime,errors=remount-ro","/tmp/pigment-db-durability-bench","mutex_file_reference","append_plus_barrier","key_value","file","successful_remove","8","32","5","9","1024","1018111686","1005.783564","1065766","0"
"reference-pre-feature","6d7edc7c29a60a94c59effeeb2b78d8b95038135","default-hasher:ed7c19232d71b0cf","rustc 1.97.0 (2d8144b78 2026-07-07)","x86_64-unknown-linux-gnu","Linux 7.0.11-76070011-generic x86_64","Intel(R) Core(TM) Ultra 7 155H","/dev/nvme0n1p3[/tmp] ext4   rw,nosuid,nodev,noatime,errors=remount-ro","/tmp/pigment-db-durability-bench","mutex_file_reference","append_plus_barrier","key_value","file","successful_remove","8","32","5","10","1024","1064862372","961.626617","1136179","0"
"reference-pre-feature","6d7edc7c29a60a94c59effeeb2b78d8b95038135","default-hasher:ed7c19232d71b0cf","rustc 1.97.0 (2d8144b78 2026-07-07)","x86_64-unknown-linux-gnu","Linux 7.0.11-76070011-generic x86_64","Intel(R) Core(TM) Ultra 7 155H","/dev/nvme0n1p3[/tmp] ext4   rw,nosuid,nodev,noatime,errors=remount-ro","/tmp/pigment-db-durability-bench","mutex_file_reference","append_plus_barrier","key_value","file","minimal_callback","1","32","5","0","1024","1100037544","930.877319","1151627","0"
"reference-pre-feature","6d7edc7c29a60a94c59effeeb2b78d8b95038135","default-hasher:ed7c19232d71b0cf","rustc 1.97.0 (2d8144b78 2026-07-07)","x86_64-unknown-linux-gnu","Linux 7.0.11-76070011-generic x86_64","Intel(R) Core(TM) Ultra 7 155H","/dev/nvme0n1p3[/tmp] ext4   rw,nosuid,nodev,noatime,errors=remount-ro","/tmp/pigment-db-durability-bench","mutex_file_reference","append_plus_barrier","key_value","file","minimal_callback","1","32","5","1","1024","1066226508","960.396306","1081355","0"
"reference-pre-feature","6d7edc7c29a60a94c59effeeb2b78d8b95038135","default-hasher:ed7c19232d71b0cf","rustc 1.97.0 (2d8144b78 2026-07-07)","x86_64-unknown-linux-gnu","Linux 7.0.11-76070011-generic x86_64","Intel(R) Core(TM) Ultra 7 155H","/dev/nvme0n1p3[/tmp] ext4   rw,nosuid,nodev,noatime,errors=remount-ro","/tmp/pigment-db-durability-bench","mutex_file_reference","append_plus_barrier","key_value","file","minimal_callback","1","32","5","2","1024","1067152022","959.563379","1028400","0"
"reference-pre-feature","6d7edc7c29a60a94c59effeeb2b78d8b95038135","default-hasher:ed7c19232d71b0cf","rustc 1.97.0 (2d8144b78 2026-07-07)","x86_64-unknown-linux-gnu","Linux 7.0.11-76070011-generic x86_64","Intel(R) Core(TM) Ultra 7 155H","/dev/nvme0n1p3[/tmp] ext4   rw,nosuid,nodev,noatime,errors=remount-ro","/tmp/pigment-db-durability-bench","mutex_file_reference","append_plus_barrier","key_value","file","minimal_callback","1","32","5","3","1024","1043159245","981.633442","1019062","0"
"reference-pre-feature","6d7edc7c29a60a94c59effeeb2b78d8b95038135","default-hasher:ed7c19232d71b0cf","rustc 1.97.0 (2d8144b78 2026-07-07)","x86_64-unknown-linux-gnu","Linux 7.0.11-76070011-generic x86_64","Intel(R) Core(TM) Ultra 7 155H","/dev/nvme0n1p3[/tmp] ext4   rw,nosuid,nodev,noatime,errors=remount-ro","/tmp/pigment-db-durability-bench","mutex_file_reference","append_plus_barrier","key_value","file","minimal_callback","1","32","5","4","1024","1048037268","977.064491","988932","0"
"reference-pre-feature","6d7edc7c29a60a94c59effeeb2b78d8b95038135","default-hasher:ed7c19232d71b0cf","rustc 1.97.0 (2d8144b78 2026-07-07)","x86_64-unknown-linux-gnu","Linux 7.0.11-76070011-generic x86_64","Intel(R) Core(TM) Ultra 7 155H","/dev/nvme0n1p3[/tmp] ext4   rw,nosuid,nodev,noatime,errors=remount-ro","/tmp/pigment-db-durability-bench","mutex_file_reference","append_plus_barrier","key_value","file","minimal_callback","1","32","5","5","1024","1213455430","843.871126","1787377","0"
"reference-pre-feature","6d7edc7c29a60a94c59effeeb2b78d8b95038135","default-hasher:ed7c19232d71b0cf","rustc 1.97.0 (2d8144b78 2026-07-07)","x86_64-unknown-linux-gnu","Linux 7.0.11-76070011-generic x86_64","Intel(R) Core(TM) Ultra 7 155H","/dev/nvme0n1p3[/tmp] ext4   rw,nosuid,nodev,noatime,errors=remount-ro","/tmp/pigment-db-durability-bench","mutex_file_reference","append_plus_barrier","key_value","file","minimal_callback","1","32","5","6","1024","1317223167","777.392947","2713937","0"
"reference-pre-feature","6d7edc7c29a60a94c59effeeb2b78d8b95038135","default-hasher:ed7c19232d71b0cf","rustc 1.97.0 (2d8144b78 2026-07-07)","x86_64-unknown-linux-gnu","Linux 7.0.11-76070011-generic x86_64","Intel(R) Core(TM) Ultra 7 155H","/dev/nvme0n1p3[/tmp] ext4   rw,nosuid,nodev,noatime,errors=remount-ro","/tmp/pigment-db-durability-bench","mutex_file_reference","append_plus_barrier","key_value","file","minimal_callback","1","32","5","7","1024","1110543941","922.070674","1207026","0"
"reference-pre-feature","6d7edc7c29a60a94c59effeeb2b78d8b95038135","default-hasher:ed7c19232d71b0cf","rustc 1.97.0 (2d8144b78 2026-07-07)","x86_64-unknown-linux-gnu","Linux 7.0.11-76070011-generic x86_64","Intel(R) Core(TM) Ultra 7 155H","/dev/nvme0n1p3[/tmp] ext4   rw,nosuid,nodev,noatime,errors=remount-ro","/tmp/pigment-db-durability-bench","mutex_file_reference","append_plus_barrier","key_value","file","minimal_callback","1","32","5","8","1024","1252447247","817.599306","1925611","0"
"reference-pre-feature","6d7edc7c29a60a94c59effeeb2b78d8b95038135","default-hasher:ed7c19232d71b0cf","rustc 1.97.0 (2d8144b78 2026-07-07)","x86_64-unknown-linux-gnu","Linux 7.0.11-76070011-generic x86_64","Intel(R) Core(TM) Ultra 7 155H","/dev/nvme0n1p3[/tmp] ext4   rw,nosuid,nodev,noatime,errors=remount-ro","/tmp/pigment-db-durability-bench","mutex_file_reference","append_plus_barrier","key_value","file","minimal_callback","1","32","5","9","1024","1967324070","520.503976","3997195","0"
"reference-pre-feature","6d7edc7c29a60a94c59effeeb2b78d8b95038135","default-hasher:ed7c19232d71b0cf","rustc 1.97.0 (2d8144b78 2026-07-07)","x86_64-unknown-linux-gnu","Linux 7.0.11-76070011-generic x86_64","Intel(R) Core(TM) Ultra 7 155H","/dev/nvme0n1p3[/tmp] ext4   rw,nosuid,nodev,noatime,errors=remount-ro","/tmp/pigment-db-durability-bench","mutex_file_reference","append_plus_barrier","key_value","file","minimal_callback","1","32","5","10","1024","1351268372","757.806533","3005294","0"
"reference-pre-feature","6d7edc7c29a60a94c59effeeb2b78d8b95038135","default-hasher:ed7c19232d71b0cf","rustc 1.97.0 (2d8144b78 2026-07-07)","x86_64-unknown-linux-gnu","Linux 7.0.11-76070011-generic x86_64","Intel(R) Core(TM) Ultra 7 155H","/dev/nvme0n1p3[/tmp] ext4   rw,nosuid,nodev,noatime,errors=remount-ro","/tmp/pigment-db-durability-bench","mutex_file_reference","append_plus_barrier","key_value","file","minimal_callback","8","32","5","0","1024","1080326610","947.861499","1130673","0"
"reference-pre-feature","6d7edc7c29a60a94c59effeeb2b78d8b95038135","default-hasher:ed7c19232d71b0cf","rustc 1.97.0 (2d8144b78 2026-07-07)","x86_64-unknown-linux-gnu","Linux 7.0.11-76070011-generic x86_64","Intel(R) Core(TM) Ultra 7 155H","/dev/nvme0n1p3[/tmp] ext4   rw,nosuid,nodev,noatime,errors=remount-ro","/tmp/pigment-db-durability-bench","mutex_file_reference","append_plus_barrier","key_value","file","minimal_callback","8","32","5","1","1024","1075221769","952.361670","1108297","0"
"reference-pre-feature","6d7edc7c29a60a94c59effeeb2b78d8b95038135","default-hasher:ed7c19232d71b0cf","rustc 1.97.0 (2d8144b78 2026-07-07)","x86_64-unknown-linux-gnu","Linux 7.0.11-76070011-generic x86_64","Intel(R) Core(TM) Ultra 7 155H","/dev/nvme0n1p3[/tmp] ext4   rw,nosuid,nodev,noatime,errors=remount-ro","/tmp/pigment-db-durability-bench","mutex_file_reference","append_plus_barrier","key_value","file","minimal_callback","8","32","5","2","1024","1067658641","959.108053","1171683","0"
"reference-pre-feature","6d7edc7c29a60a94c59effeeb2b78d8b95038135","default-hasher:ed7c19232d71b0cf","rustc 1.97.0 (2d8144b78 2026-07-07)","x86_64-unknown-linux-gnu","Linux 7.0.11-76070011-generic x86_64","Intel(R) Core(TM) Ultra 7 155H","/dev/nvme0n1p3[/tmp] ext4   rw,nosuid,nodev,noatime,errors=remount-ro","/tmp/pigment-db-durability-bench","mutex_file_reference","append_plus_barrier","key_value","file","minimal_callback","8","32","5","3","1024","1060606197","965.485590","1126348","0"
"reference-pre-feature","6d7edc7c29a60a94c59effeeb2b78d8b95038135","default-hasher:ed7c19232d71b0cf","rustc 1.97.0 (2d8144b78 2026-07-07)","x86_64-unknown-linux-gnu","Linux 7.0.11-76070011-generic x86_64","Intel(R) Core(TM) Ultra 7 155H","/dev/nvme0n1p3[/tmp] ext4   rw,nosuid,nodev,noatime,errors=remount-ro","/tmp/pigment-db-durability-bench","mutex_file_reference","append_plus_barrier","key_value","file","minimal_callback","8","32","5","4","1024","1088392793","940.836807","1308833","0"
"reference-pre-feature","6d7edc7c29a60a94c59effeeb2b78d8b95038135","default-hasher:ed7c19232d71b0cf","rustc 1.97.0 (2d8144b78 2026-07-07)","x86_64-unknown-linux-gnu","Linux 7.0.11-76070011-generic x86_64","Intel(R) Core(TM) Ultra 7 155H","/dev/nvme0n1p3[/tmp] ext4   rw,nosuid,nodev,noatime,errors=remount-ro","/tmp/pigment-db-durability-bench","mutex_file_reference","append_plus_barrier","key_value","file","minimal_callback","8","32","5","5","1024","1066389310","960.249686","1104047","0"
"reference-pre-feature","6d7edc7c29a60a94c59effeeb2b78d8b95038135","default-hasher:ed7c19232d71b0cf","rustc 1.97.0 (2d8144b78 2026-07-07)","x86_64-unknown-linux-gnu","Linux 7.0.11-76070011-generic x86_64","Intel(R) Core(TM) Ultra 7 155H","/dev/nvme0n1p3[/tmp] ext4   rw,nosuid,nodev,noatime,errors=remount-ro","/tmp/pigment-db-durability-bench","mutex_file_reference","append_plus_barrier","key_value","file","minimal_callback","8","32","5","6","1024","1057764171","968.079680","1025473","0"
"reference-pre-feature","6d7edc7c29a60a94c59effeeb2b78d8b95038135","default-hasher:ed7c19232d71b0cf","rustc 1.97.0 (2d8144b78 2026-07-07)","x86_64-unknown-linux-gnu","Linux 7.0.11-76070011-generic x86_64","Intel(R) Core(TM) Ultra 7 155H","/dev/nvme0n1p3[/tmp] ext4   rw,nosuid,nodev,noatime,errors=remount-ro","/tmp/pigment-db-durability-bench","mutex_file_reference","append_plus_barrier","key_value","file","minimal_callback","8","32","5","7","1024","1049712999","975.504734","1224301","0"
"reference-pre-feature","6d7edc7c29a60a94c59effeeb2b78d8b95038135","default-hasher:ed7c19232d71b0cf","rustc 1.97.0 (2d8144b78 2026-07-07)","x86_64-unknown-linux-gnu","Linux 7.0.11-76070011-generic x86_64","Intel(R) Core(TM) Ultra 7 155H","/dev/nvme0n1p3[/tmp] ext4   rw,nosuid,nodev,noatime,errors=remount-ro","/tmp/pigment-db-durability-bench","mutex_file_reference","append_plus_barrier","key_value","file","minimal_callback","8","32","5","8","1024","1075003446","952.555086","1125566","0"
"reference-pre-feature","6d7edc7c29a60a94c59effeeb2b78d8b95038135","default-hasher:ed7c19232d71b0cf","rustc 1.97.0 (2d8144b78 2026-07-07)","x86_64-unknown-linux-gnu","Linux 7.0.11-76070011-generic x86_64","Intel(R) Core(TM) Ultra 7 155H","/dev/nvme0n1p3[/tmp] ext4   rw,nosuid,nodev,noatime,errors=remount-ro","/tmp/pigment-db-durability-bench","mutex_file_reference","append_plus_barrier","key_value","file","minimal_callback","8","32","5","9","1024","1326121318","772.176713","6106675","0"
"reference-pre-feature","6d7edc7c29a60a94c59effeeb2b78d8b95038135","default-hasher:ed7c19232d71b0cf","rustc 1.97.0 (2d8144b78 2026-07-07)","x86_64-unknown-linux-gnu","Linux 7.0.11-76070011-generic x86_64","Intel(R) Core(TM) Ultra 7 155H","/dev/nvme0n1p3[/tmp] ext4   rw,nosuid,nodev,noatime,errors=remount-ro","/tmp/pigment-db-durability-bench","mutex_file_reference","append_plus_barrier","key_value","file","minimal_callback","8","32","5","10","1024","1094354417","935.711488","1386891","0"
"reference-pre-feature","6d7edc7c29a60a94c59effeeb2b78d8b95038135","default-hasher:ed7c19232d71b0cf","rustc 1.97.0 (2d8144b78 2026-07-07)","x86_64-unknown-linux-gnu","Linux 7.0.11-76070011-generic x86_64","Intel(R) Core(TM) Ultra 7 155H","/dev/nvme0n1p3[/tmp] ext4   rw,nosuid,nodev,noatime,errors=remount-ro","/tmp/pigment-db-durability-bench","mutex_file_reference","append_plus_barrier","key_set","file","ordinary_write","1","32","5","0","1024","1074972245","952.582734","1134344","0"
"reference-pre-feature","6d7edc7c29a60a94c59effeeb2b78d8b95038135","default-hasher:ed7c19232d71b0cf","rustc 1.97.0 (2d8144b78 2026-07-07)","x86_64-unknown-linux-gnu","Linux 7.0.11-76070011-generic x86_64","Intel(R) Core(TM) Ultra 7 155H","/dev/nvme0n1p3[/tmp] ext4   rw,nosuid,nodev,noatime,errors=remount-ro","/tmp/pigment-db-durability-bench","mutex_file_reference","append_plus_barrier","key_set","file","ordinary_write","1","32","5","1","1024","1917417459","534.051672","4496724","0"
"reference-pre-feature","6d7edc7c29a60a94c59effeeb2b78d8b95038135","default-hasher:ed7c19232d71b0cf","rustc 1.97.0 (2d8144b78 2026-07-07)","x86_64-unknown-linux-gnu","Linux 7.0.11-76070011-generic x86_64","Intel(R) Core(TM) Ultra 7 155H","/dev/nvme0n1p3[/tmp] ext4   rw,nosuid,nodev,noatime,errors=remount-ro","/tmp/pigment-db-durability-bench","mutex_file_reference","append_plus_barrier","key_set","file","ordinary_write","1","32","5","2","1024","2608431141","392.573139","5010338","0"
"reference-pre-feature","6d7edc7c29a60a94c59effeeb2b78d8b95038135","default-hasher:ed7c19232d71b0cf","rustc 1.97.0 (2d8144b78 2026-07-07)","x86_64-unknown-linux-gnu","Linux 7.0.11-76070011-generic x86_64","Intel(R) Core(TM) Ultra 7 155H","/dev/nvme0n1p3[/tmp] ext4   rw,nosuid,nodev,noatime,errors=remount-ro","/tmp/pigment-db-durability-bench","mutex_file_reference","append_plus_barrier","key_set","file","ordinary_write","1","32","5","3","1024","2616338392","391.386681","5007790","0"
"reference-pre-feature","6d7edc7c29a60a94c59effeeb2b78d8b95038135","default-hasher:ed7c19232d71b0cf","rustc 1.97.0 (2d8144b78 2026-07-07)","x86_64-unknown-linux-gnu","Linux 7.0.11-76070011-generic x86_64","Intel(R) Core(TM) Ultra 7 155H","/dev/nvme0n1p3[/tmp] ext4   rw,nosuid,nodev,noatime,errors=remount-ro","/tmp/pigment-db-durability-bench","mutex_file_reference","append_plus_barrier","key_set","file","ordinary_write","1","32","5","4","1024","1796953511","569.853362","3920105","0"
"reference-pre-feature","6d7edc7c29a60a94c59effeeb2b78d8b95038135","default-hasher:ed7c19232d71b0cf","rustc 1.97.0 (2d8144b78 2026-07-07)","x86_64-unknown-linux-gnu","Linux 7.0.11-76070011-generic x86_64","Intel(R) Core(TM) Ultra 7 155H","/dev/nvme0n1p3[/tmp] ext4   rw,nosuid,nodev,noatime,errors=remount-ro","/tmp/pigment-db-durability-bench","mutex_file_reference","append_plus_barrier","key_set","file","ordinary_write","1","32","5","5","1024","1271326128","805.458157","2079653","0"
"reference-pre-feature","6d7edc7c29a60a94c59effeeb2b78d8b95038135","default-hasher:ed7c19232d71b0cf","rustc 1.97.0 (2d8144b78 2026-07-07)","x86_64-unknown-linux-gnu","Linux 7.0.11-76070011-generic x86_64","Intel(R) Core(TM) Ultra 7 155H","/dev/nvme0n1p3[/tmp] ext4   rw,nosuid,nodev,noatime,errors=remount-ro","/tmp/pigment-db-durability-bench","mutex_file_reference","append_plus_barrier","key_set","file","ordinary_write","1","32","5","6","1024","1102030634","929.193770","1232819","0"
"reference-pre-feature","6d7edc7c29a60a94c59effeeb2b78d8b95038135","default-hasher:ed7c19232d71b0cf","rustc 1.97.0 (2d8144b78 2026-07-07)","x86_64-unknown-linux-gnu","Linux 7.0.11-76070011-generic x86_64","Intel(R) Core(TM) Ultra 7 155H","/dev/nvme0n1p3[/tmp] ext4   rw,nosuid,nodev,noatime,errors=remount-ro","/tmp/pigment-db-durability-bench","mutex_file_reference","append_plus_barrier","key_set","file","ordinary_write","1","32","5","7","1024","1056222232","969.492943","1034987","0"
"reference-pre-feature","6d7edc7c29a60a94c59effeeb2b78d8b95038135","default-hasher:ed7c19232d71b0cf","rustc 1.97.0 (2d8144b78 2026-07-07)","x86_64-unknown-linux-gnu","Linux 7.0.11-76070011-generic x86_64","Intel(R) Core(TM) Ultra 7 155H","/dev/nvme0n1p3[/tmp] ext4   rw,nosuid,nodev,noatime,errors=remount-ro","/tmp/pigment-db-durability-bench","mutex_file_reference","append_plus_barrier","key_set","file","ordinary_write","1","32","5","8","1024","1074623468","952.891902","1108367","0"
"reference-pre-feature","6d7edc7c29a60a94c59effeeb2b78d8b95038135","default-hasher:ed7c19232d71b0cf","rustc 1.97.0 (2d8144b78 2026-07-07)","x86_64-unknown-linux-gnu","Linux 7.0.11-76070011-generic x86_64","Intel(R) Core(TM) Ultra 7 155H","/dev/nvme0n1p3[/tmp] ext4   rw,nosuid,nodev,noatime,errors=remount-ro","/tmp/pigment-db-durability-bench","mutex_file_reference","append_plus_barrier","key_set","file","ordinary_write","1","32","5","9","1024","1065850255","960.735333","1018006","0"
"reference-pre-feature","6d7edc7c29a60a94c59effeeb2b78d8b95038135","default-hasher:ed7c19232d71b0cf","rustc 1.97.0 (2d8144b78 2026-07-07)","x86_64-unknown-linux-gnu","Linux 7.0.11-76070011-generic x86_64","Intel(R) Core(TM) Ultra 7 155H","/dev/nvme0n1p3[/tmp] ext4   rw,nosuid,nodev,noatime,errors=remount-ro","/tmp/pigment-db-durability-bench","mutex_file_reference","append_plus_barrier","key_set","file","ordinary_write","1","32","5","10","1024","1046693578","978.318795","1002108","0"
"reference-pre-feature","6d7edc7c29a60a94c59effeeb2b78d8b95038135","default-hasher:ed7c19232d71b0cf","rustc 1.97.0 (2d8144b78 2026-07-07)","x86_64-unknown-linux-gnu","Linux 7.0.11-76070011-generic x86_64","Intel(R) Core(TM) Ultra 7 155H","/dev/nvme0n1p3[/tmp] ext4   rw,nosuid,nodev,noatime,errors=remount-ro","/tmp/pigment-db-durability-bench","mutex_file_reference","append_plus_barrier","key_set","file","ordinary_write","8","32","5","0","1024","1045390477","979.538290","1043979","0"
"reference-pre-feature","6d7edc7c29a60a94c59effeeb2b78d8b95038135","default-hasher:ed7c19232d71b0cf","rustc 1.97.0 (2d8144b78 2026-07-07)","x86_64-unknown-linux-gnu","Linux 7.0.11-76070011-generic x86_64","Intel(R) Core(TM) Ultra 7 155H","/dev/nvme0n1p3[/tmp] ext4   rw,nosuid,nodev,noatime,errors=remount-ro","/tmp/pigment-db-durability-bench","mutex_file_reference","append_plus_barrier","key_set","file","ordinary_write","8","32","5","1","1024","1063263643","963.072524","1060002","0"
"reference-pre-feature","6d7edc7c29a60a94c59effeeb2b78d8b95038135","default-hasher:ed7c19232d71b0cf","rustc 1.97.0 (2d8144b78 2026-07-07)","x86_64-unknown-linux-gnu","Linux 7.0.11-76070011-generic x86_64","Intel(R) Core(TM) Ultra 7 155H","/dev/nvme0n1p3[/tmp] ext4   rw,nosuid,nodev,noatime,errors=remount-ro","/tmp/pigment-db-durability-bench","mutex_file_reference","append_plus_barrier","key_set","file","ordinary_write","8","32","5","2","1024","1065339263","961.196152","1072657","0"
"reference-pre-feature","6d7edc7c29a60a94c59effeeb2b78d8b95038135","default-hasher:ed7c19232d71b0cf","rustc 1.97.0 (2d8144b78 2026-07-07)","x86_64-unknown-linux-gnu","Linux 7.0.11-76070011-generic x86_64","Intel(R) Core(TM) Ultra 7 155H","/dev/nvme0n1p3[/tmp] ext4   rw,nosuid,nodev,noatime,errors=remount-ro","/tmp/pigment-db-durability-bench","mutex_file_reference","append_plus_barrier","key_set","file","ordinary_write","8","32","5","3","1024","1071969480","955.251077","1161780","0"
"reference-pre-feature","6d7edc7c29a60a94c59effeeb2b78d8b95038135","default-hasher:ed7c19232d71b0cf","rustc 1.97.0 (2d8144b78 2026-07-07)","x86_64-unknown-linux-gnu","Linux 7.0.11-76070011-generic x86_64","Intel(R) Core(TM) Ultra 7 155H","/dev/nvme0n1p3[/tmp] ext4   rw,nosuid,nodev,noatime,errors=remount-ro","/tmp/pigment-db-durability-bench","mutex_file_reference","append_plus_barrier","key_set","file","ordinary_write","8","32","5","4","1024","1040663193","983.987910","1008755","0"
"reference-pre-feature","6d7edc7c29a60a94c59effeeb2b78d8b95038135","default-hasher:ed7c19232d71b0cf","rustc 1.97.0 (2d8144b78 2026-07-07)","x86_64-unknown-linux-gnu","Linux 7.0.11-76070011-generic x86_64","Intel(R) Core(TM) Ultra 7 155H","/dev/nvme0n1p3[/tmp] ext4   rw,nosuid,nodev,noatime,errors=remount-ro","/tmp/pigment-db-durability-bench","mutex_file_reference","append_plus_barrier","key_set","file","ordinary_write","8","32","5","5","1024","1263577403","810.397525","3866370","0"
"reference-pre-feature","6d7edc7c29a60a94c59effeeb2b78d8b95038135","default-hasher:ed7c19232d71b0cf","rustc 1.97.0 (2d8144b78 2026-07-07)","x86_64-unknown-linux-gnu","Linux 7.0.11-76070011-generic x86_64","Intel(R) Core(TM) Ultra 7 155H","/dev/nvme0n1p3[/tmp] ext4   rw,nosuid,nodev,noatime,errors=remount-ro","/tmp/pigment-db-durability-bench","mutex_file_reference","append_plus_barrier","key_set","file","ordinary_write","8","32","5","6","1024","1059216013","966.752756","1101085","0"
"reference-pre-feature","6d7edc7c29a60a94c59effeeb2b78d8b95038135","default-hasher:ed7c19232d71b0cf","rustc 1.97.0 (2d8144b78 2026-07-07)","x86_64-unknown-linux-gnu","Linux 7.0.11-76070011-generic x86_64","Intel(R) Core(TM) Ultra 7 155H","/dev/nvme0n1p3[/tmp] ext4   rw,nosuid,nodev,noatime,errors=remount-ro","/tmp/pigment-db-durability-bench","mutex_file_reference","append_plus_barrier","key_set","file","ordinary_write","8","32","5","7","1024","1043345639","981.458073","1007370","0"
"reference-pre-feature","6d7edc7c29a60a94c59effeeb2b78d8b95038135","default-hasher:ed7c19232d71b0cf","rustc 1.97.0 (2d8144b78 2026-07-07)","x86_64-unknown-linux-gnu","Linux 7.0.11-76070011-generic x86_64","Intel(R) Core(TM) Ultra 7 155H","/dev/nvme0n1p3[/tmp] ext4   rw,nosuid,nodev,noatime,errors=remount-ro","/tmp/pigment-db-durability-bench","mutex_file_reference","append_plus_barrier","key_set","file","ordinary_write","8","32","5","8","1024","1047553156","977.516028","1017595","0"
"reference-pre-feature","6d7edc7c29a60a94c59effeeb2b78d8b95038135","default-hasher:ed7c19232d71b0cf","rustc 1.97.0 (2d8144b78 2026-07-07)","x86_64-unknown-linux-gnu","Linux 7.0.11-76070011-generic x86_64","Intel(R) Core(TM) Ultra 7 155H","/dev/nvme0n1p3[/tmp] ext4   rw,nosuid,nodev,noatime,errors=remount-ro","/tmp/pigment-db-durability-bench","mutex_file_reference","append_plus_barrier","key_set","file","ordinary_write","8","32","5","9","1024","1042646319","982.116353","1039870","0"
"reference-pre-feature","6d7edc7c29a60a94c59effeeb2b78d8b95038135","default-hasher:ed7c19232d71b0cf","rustc 1.97.0 (2d8144b78 2026-07-07)","x86_64-unknown-linux-gnu","Linux 7.0.11-76070011-generic x86_64","Intel(R) Core(TM) Ultra 7 155H","/dev/nvme0n1p3[/tmp] ext4   rw,nosuid,nodev,noatime,errors=remount-ro","/tmp/pigment-db-durability-bench","mutex_file_reference","append_plus_barrier","key_set","file","ordinary_write","8","32","5","10","1024","1024781241","999.237651","998921","0"
"reference-pre-feature","6d7edc7c29a60a94c59effeeb2b78d8b95038135","default-hasher:ed7c19232d71b0cf","rustc 1.97.0 (2d8144b78 2026-07-07)","x86_64-unknown-linux-gnu","Linux 7.0.11-76070011-generic x86_64","Intel(R) Core(TM) Ultra 7 155H","/dev/nvme0n1p3[/tmp] ext4   rw,nosuid,nodev,noatime,errors=remount-ro","/tmp/pigment-db-durability-bench","mutex_file_reference","append_plus_barrier","key_set","file","successful_remove","1","32","5","0","1024","1071025979","956.092588","1110551","0"
"reference-pre-feature","6d7edc7c29a60a94c59effeeb2b78d8b95038135","default-hasher:ed7c19232d71b0cf","rustc 1.97.0 (2d8144b78 2026-07-07)","x86_64-unknown-linux-gnu","Linux 7.0.11-76070011-generic x86_64","Intel(R) Core(TM) Ultra 7 155H","/dev/nvme0n1p3[/tmp] ext4   rw,nosuid,nodev,noatime,errors=remount-ro","/tmp/pigment-db-durability-bench","mutex_file_reference","append_plus_barrier","key_set","file","successful_remove","1","32","5","1","1024","1150249514","890.241628","1738814","0"
"reference-pre-feature","6d7edc7c29a60a94c59effeeb2b78d8b95038135","default-hasher:ed7c19232d71b0cf","rustc 1.97.0 (2d8144b78 2026-07-07)","x86_64-unknown-linux-gnu","Linux 7.0.11-76070011-generic x86_64","Intel(R) Core(TM) Ultra 7 155H","/dev/nvme0n1p3[/tmp] ext4   rw,nosuid,nodev,noatime,errors=remount-ro","/tmp/pigment-db-durability-bench","mutex_file_reference","append_plus_barrier","key_set","file","successful_remove","1","32","5","2","1024","1168421905","876.395757","1916700","0"
"reference-pre-feature","6d7edc7c29a60a94c59effeeb2b78d8b95038135","default-hasher:ed7c19232d71b0cf","rustc 1.97.0 (2d8144b78 2026-07-07)","x86_64-unknown-linux-gnu","Linux 7.0.11-76070011-generic x86_64","Intel(R) Core(TM) Ultra 7 155H","/dev/nvme0n1p3[/tmp] ext4   rw,nosuid,nodev,noatime,errors=remount-ro","/tmp/pigment-db-durability-bench","mutex_file_reference","append_plus_barrier","key_set","file","successful_remove","1","32","5","3","1024","1090479962","939.036054","1289340","0"
"reference-pre-feature","6d7edc7c29a60a94c59effeeb2b78d8b95038135","default-hasher:ed7c19232d71b0cf","rustc 1.97.0 (2d8144b78 2026-07-07)","x86_64-unknown-linux-gnu","Linux 7.0.11-76070011-generic x86_64","Intel(R) Core(TM) Ultra 7 155H","/dev/nvme0n1p3[/tmp] ext4   rw,nosuid,nodev,noatime,errors=remount-ro","/tmp/pigment-db-durability-bench","mutex_file_reference","append_plus_barrier","key_set","file","successful_remove","1","32","5","4","1024","1673880310","611.752223","3988747","0"
"reference-pre-feature","6d7edc7c29a60a94c59effeeb2b78d8b95038135","default-hasher:ed7c19232d71b0cf","rustc 1.97.0 (2d8144b78 2026-07-07)","x86_64-unknown-linux-gnu","Linux 7.0.11-76070011-generic x86_64","Intel(R) Core(TM) Ultra 7 155H","/dev/nvme0n1p3[/tmp] ext4   rw,nosuid,nodev,noatime,errors=remount-ro","/tmp/pigment-db-durability-bench","mutex_file_reference","append_plus_barrier","key_set","file","successful_remove","1","32","5","5","1024","1556320006","657.962370","3830335","0"
"reference-pre-feature","6d7edc7c29a60a94c59effeeb2b78d8b95038135","default-hasher:ed7c19232d71b0cf","rustc 1.97.0 (2d8144b78 2026-07-07)","x86_64-unknown-linux-gnu","Linux 7.0.11-76070011-generic x86_64","Intel(R) Core(TM) Ultra 7 155H","/dev/nvme0n1p3[/tmp] ext4   rw,nosuid,nodev,noatime,errors=remount-ro","/tmp/pigment-db-durability-bench","mutex_file_reference","append_plus_barrier","key_set","file","successful_remove","1","32","5","6","1024","1550444004","660.455971","3883160","0"
"reference-pre-feature","6d7edc7c29a60a94c59effeeb2b78d8b95038135","default-hasher:ed7c19232d71b0cf","rustc 1.97.0 (2d8144b78 2026-07-07)","x86_64-unknown-linux-gnu","Linux 7.0.11-76070011-generic x86_64","Intel(R) Core(TM) Ultra 7 155H","/dev/nvme0n1p3[/tmp] ext4   rw,nosuid,nodev,noatime,errors=remount-ro","/tmp/pigment-db-durability-bench","mutex_file_reference","append_plus_barrier","key_set","file","successful_remove","1","32","5","7","1024","1032601909","991.669675","1030039","0"
"reference-pre-feature","6d7edc7c29a60a94c59effeeb2b78d8b95038135","default-hasher:ed7c19232d71b0cf","rustc 1.97.0 (2d8144b78 2026-07-07)","x86_64-unknown-linux-gnu","Linux 7.0.11-76070011-generic x86_64","Intel(R) Core(TM) Ultra 7 155H","/dev/nvme0n1p3[/tmp] ext4   rw,nosuid,nodev,noatime,errors=remount-ro","/tmp/pigment-db-durability-bench","mutex_file_reference","append_plus_barrier","key_set","file","successful_remove","1","32","5","8","1024","1049053835","976.117684","1046862","0"
"reference-pre-feature","6d7edc7c29a60a94c59effeeb2b78d8b95038135","default-hasher:ed7c19232d71b0cf","rustc 1.97.0 (2d8144b78 2026-07-07)","x86_64-unknown-linux-gnu","Linux 7.0.11-76070011-generic x86_64","Intel(R) Core(TM) Ultra 7 155H","/dev/nvme0n1p3[/tmp] ext4   rw,nosuid,nodev,noatime,errors=remount-ro","/tmp/pigment-db-durability-bench","mutex_file_reference","append_plus_barrier","key_set","file","successful_remove","1","32","5","9","1024","1060324231","965.742336","1032304","0"
"reference-pre-feature","6d7edc7c29a60a94c59effeeb2b78d8b95038135","default-hasher:ed7c19232d71b0cf","rustc 1.97.0 (2d8144b78 2026-07-07)","x86_64-unknown-linux-gnu","Linux 7.0.11-76070011-generic x86_64","Intel(R) Core(TM) Ultra 7 155H","/dev/nvme0n1p3[/tmp] ext4   rw,nosuid,nodev,noatime,errors=remount-ro","/tmp/pigment-db-durability-bench","mutex_file_reference","append_plus_barrier","key_set","file","successful_remove","1","32","5","10","1024","1054659311","970.929654","1009871","0"
"reference-pre-feature","6d7edc7c29a60a94c59effeeb2b78d8b95038135","default-hasher:ed7c19232d71b0cf","rustc 1.97.0 (2d8144b78 2026-07-07)","x86_64-unknown-linux-gnu","Linux 7.0.11-76070011-generic x86_64","Intel(R) Core(TM) Ultra 7 155H","/dev/nvme0n1p3[/tmp] ext4   rw,nosuid,nodev,noatime,errors=remount-ro","/tmp/pigment-db-durability-bench","mutex_file_reference","append_plus_barrier","key_set","file","successful_remove","8","32","5","0","1024","1057417441","968.397116","1037830","0"
"reference-pre-feature","6d7edc7c29a60a94c59effeeb2b78d8b95038135","default-hasher:ed7c19232d71b0cf","rustc 1.97.0 (2d8144b78 2026-07-07)","x86_64-unknown-linux-gnu","Linux 7.0.11-76070011-generic x86_64","Intel(R) Core(TM) Ultra 7 155H","/dev/nvme0n1p3[/tmp] ext4   rw,nosuid,nodev,noatime,errors=remount-ro","/tmp/pigment-db-durability-bench","mutex_file_reference","append_plus_barrier","key_set","file","successful_remove","8","32","5","1","1024","1065930481","960.663025","1061933","0"
"reference-pre-feature","6d7edc7c29a60a94c59effeeb2b78d8b95038135","default-hasher:ed7c19232d71b0cf","rustc 1.97.0 (2d8144b78 2026-07-07)","x86_64-unknown-linux-gnu","Linux 7.0.11-76070011-generic x86_64","Intel(R) Core(TM) Ultra 7 155H","/dev/nvme0n1p3[/tmp] ext4   rw,nosuid,nodev,noatime,errors=remount-ro","/tmp/pigment-db-durability-bench","mutex_file_reference","append_plus_barrier","key_set","file","successful_remove","8","32","5","2","1024","1644501548","622.681080","12778891","0"
"reference-pre-feature","6d7edc7c29a60a94c59effeeb2b78d8b95038135","default-hasher:ed7c19232d71b0cf","rustc 1.97.0 (2d8144b78 2026-07-07)","x86_64-unknown-linux-gnu","Linux 7.0.11-76070011-generic x86_64","Intel(R) Core(TM) Ultra 7 155H","/dev/nvme0n1p3[/tmp] ext4   rw,nosuid,nodev,noatime,errors=remount-ro","/tmp/pigment-db-durability-bench","mutex_file_reference","append_plus_barrier","key_set","file","successful_remove","8","32","5","3","1024","1068085313","958.724914","1106929","0"
"reference-pre-feature","6d7edc7c29a60a94c59effeeb2b78d8b95038135","default-hasher:ed7c19232d71b0cf","rustc 1.97.0 (2d8144b78 2026-07-07)","x86_64-unknown-linux-gnu","Linux 7.0.11-76070011-generic x86_64","Intel(R) Core(TM) Ultra 7 155H","/dev/nvme0n1p3[/tmp] ext4   rw,nosuid,nodev,noatime,errors=remount-ro","/tmp/pigment-db-durability-bench","mutex_file_reference","append_plus_barrier","key_set","file","successful_remove","8","32","5","4","1024","1056395807","969.333647","1045640","0"
"reference-pre-feature","6d7edc7c29a60a94c59effeeb2b78d8b95038135","default-hasher:ed7c19232d71b0cf","rustc 1.97.0 (2d8144b78 2026-07-07)","x86_64-unknown-linux-gnu","Linux 7.0.11-76070011-generic x86_64","Intel(R) Core(TM) Ultra 7 155H","/dev/nvme0n1p3[/tmp] ext4   rw,nosuid,nodev,noatime,errors=remount-ro","/tmp/pigment-db-durability-bench","mutex_file_reference","append_plus_barrier","key_set","file","successful_remove","8","32","5","5","1024","1057797006","968.049630","1119521","0"
"reference-pre-feature","6d7edc7c29a60a94c59effeeb2b78d8b95038135","default-hasher:ed7c19232d71b0cf","rustc 1.97.0 (2d8144b78 2026-07-07)","x86_64-unknown-linux-gnu","Linux 7.0.11-76070011-generic x86_64","Intel(R) Core(TM) Ultra 7 155H","/dev/nvme0n1p3[/tmp] ext4   rw,nosuid,nodev,noatime,errors=remount-ro","/tmp/pigment-db-durability-bench","mutex_file_reference","append_plus_barrier","key_set","file","successful_remove","8","32","5","6","1024","1046109935","978.864616","1043223","0"
"reference-pre-feature","6d7edc7c29a60a94c59effeeb2b78d8b95038135","default-hasher:ed7c19232d71b0cf","rustc 1.97.0 (2d8144b78 2026-07-07)","x86_64-unknown-linux-gnu","Linux 7.0.11-76070011-generic x86_64","Intel(R) Core(TM) Ultra 7 155H","/dev/nvme0n1p3[/tmp] ext4   rw,nosuid,nodev,noatime,errors=remount-ro","/tmp/pigment-db-durability-bench","mutex_file_reference","append_plus_barrier","key_set","file","successful_remove","8","32","5","7","1024","1056124877","969.582312","1009240","0"
"reference-pre-feature","6d7edc7c29a60a94c59effeeb2b78d8b95038135","default-hasher:ed7c19232d71b0cf","rustc 1.97.0 (2d8144b78 2026-07-07)","x86_64-unknown-linux-gnu","Linux 7.0.11-76070011-generic x86_64","Intel(R) Core(TM) Ultra 7 155H","/dev/nvme0n1p3[/tmp] ext4   rw,nosuid,nodev,noatime,errors=remount-ro","/tmp/pigment-db-durability-bench","mutex_file_reference","append_plus_barrier","key_set","file","successful_remove","8","32","5","8","1024","1039392819","985.190566","1029411","0"
"reference-pre-feature","6d7edc7c29a60a94c59effeeb2b78d8b95038135","default-hasher:ed7c19232d71b0cf","rustc 1.97.0 (2d8144b78 2026-07-07)","x86_64-unknown-linux-gnu","Linux 7.0.11-76070011-generic x86_64","Intel(R) Core(TM) Ultra 7 155H","/dev/nvme0n1p3[/tmp] ext4   rw,nosuid,nodev,noatime,errors=remount-ro","/tmp/pigment-db-durability-bench","mutex_file_reference","append_plus_barrier","key_set","file","successful_remove","8","32","5","9","1024","1056834080","968.931660","1015452","0"
"reference-pre-feature","6d7edc7c29a60a94c59effeeb2b78d8b95038135","default-hasher:ed7c19232d71b0cf","rustc 1.97.0 (2d8144b78 2026-07-07)","x86_64-unknown-linux-gnu","Linux 7.0.11-76070011-generic x86_64","Intel(R) Core(TM) Ultra 7 155H","/dev/nvme0n1p3[/tmp] ext4   rw,nosuid,nodev,noatime,errors=remount-ro","/tmp/pigment-db-durability-bench","mutex_file_reference","append_plus_barrier","key_set","file","successful_remove","8","32","5","10","1024","1049685950","975.529872","1029362","0"
"reference-pre-feature","6d7edc7c29a60a94c59effeeb2b78d8b95038135","default-hasher:ed7c19232d71b0cf","rustc 1.97.0 (2d8144b78 2026-07-07)","x86_64-unknown-linux-gnu","Linux 7.0.11-76070011-generic x86_64","Intel(R) Core(TM) Ultra 7 155H","/dev/nvme0n1p3[/tmp] ext4   rw,nosuid,nodev,noatime,errors=remount-ro","/tmp/pigment-db-durability-bench","mutex_file_reference","append_plus_barrier","key_set","file","minimal_callback","1","32","5","0","1024","1012473140","1011.384855","1068109","0"
"reference-pre-feature","6d7edc7c29a60a94c59effeeb2b78d8b95038135","default-hasher:ed7c19232d71b0cf","rustc 1.97.0 (2d8144b78 2026-07-07)","x86_64-unknown-linux-gnu","Linux 7.0.11-76070011-generic x86_64","Intel(R) Core(TM) Ultra 7 155H","/dev/nvme0n1p3[/tmp] ext4   rw,nosuid,nodev,noatime,errors=remount-ro","/tmp/pigment-db-durability-bench","mutex_file_reference","append_plus_barrier","key_set","file","minimal_callback","1","32","5","1","1024","1332297833","768.596912","3002177","0"
"reference-pre-feature","6d7edc7c29a60a94c59effeeb2b78d8b95038135","default-hasher:ed7c19232d71b0cf","rustc 1.97.0 (2d8144b78 2026-07-07)","x86_64-unknown-linux-gnu","Linux 7.0.11-76070011-generic x86_64","Intel(R) Core(TM) Ultra 7 155H","/dev/nvme0n1p3[/tmp] ext4   rw,nosuid,nodev,noatime,errors=remount-ro","/tmp/pigment-db-durability-bench","mutex_file_reference","append_plus_barrier","key_set","file","minimal_callback","1","32","5","2","1024","1080053738","948.100973","1110410","0"
"reference-pre-feature","6d7edc7c29a60a94c59effeeb2b78d8b95038135","default-hasher:ed7c19232d71b0cf","rustc 1.97.0 (2d8144b78 2026-07-07)","x86_64-unknown-linux-gnu","Linux 7.0.11-76070011-generic x86_64","Intel(R) Core(TM) Ultra 7 155H","/dev/nvme0n1p3[/tmp] ext4   rw,nosuid,nodev,noatime,errors=remount-ro","/tmp/pigment-db-durability-bench","mutex_file_reference","append_plus_barrier","key_set","file","minimal_callback","1","32","5","3","1024","1083966290","944.678824","1162334","0"
"reference-pre-feature","6d7edc7c29a60a94c59effeeb2b78d8b95038135","default-hasher:ed7c19232d71b0cf","rustc 1.97.0 (2d8144b78 2026-07-07)","x86_64-unknown-linux-gnu","Linux 7.0.11-76070011-generic x86_64","Intel(R) Core(TM) Ultra 7 155H","/dev/nvme0n1p3[/tmp] ext4   rw,nosuid,nodev,noatime,errors=remount-ro","/tmp/pigment-db-durability-bench","mutex_file_reference","append_plus_barrier","key_set","file","minimal_callback","1","32","5","4","1024","1097543881","932.992309","1603314","0"
"reference-pre-feature","6d7edc7c29a60a94c59effeeb2b78d8b95038135","default-hasher:ed7c19232d71b0cf","rustc 1.97.0 (2d8144b78 2026-07-07)","x86_64-unknown-linux-gnu","Linux 7.0.11-76070011-generic x86_64","Intel(R) Core(TM) Ultra 7 155H","/dev/nvme0n1p3[/tmp] ext4   rw,nosuid,nodev,noatime,errors=remount-ro","/tmp/pigment-db-durability-bench","mutex_file_reference","append_plus_barrier","key_set","file","minimal_callback","1","32","5","5","1024","1108705497","923.599642","1217373","0"
"reference-pre-feature","6d7edc7c29a60a94c59effeeb2b78d8b95038135","default-hasher:ed7c19232d71b0cf","rustc 1.97.0 (2d8144b78 2026-07-07)","x86_64-unknown-linux-gnu","Linux 7.0.11-76070011-generic x86_64","Intel(R) Core(TM) Ultra 7 155H","/dev/nvme0n1p3[/tmp] ext4   rw,nosuid,nodev,noatime,errors=remount-ro","/tmp/pigment-db-durability-bench","mutex_file_reference","append_plus_barrier","key_set","file","minimal_callback","1","32","5","6","1024","1202098489","851.843680","2509440","0"
"reference-pre-feature","6d7edc7c29a60a94c59effeeb2b78d8b95038135","default-hasher:ed7c19232d71b0cf","rustc 1.97.0 (2d8144b78 2026-07-07)","x86_64-unknown-linux-gnu","Linux 7.0.11-76070011-generic x86_64","Intel(R) Core(TM) Ultra 7 155H","/dev/nvme0n1p3[/tmp] ext4   rw,nosuid,nodev,noatime,errors=remount-ro","/tmp/pigment-db-durability-bench","mutex_file_reference","append_plus_barrier","key_set","file","minimal_callback","1","32","5","7","1024","1074379558","953.108231","1121772","0"
"reference-pre-feature","6d7edc7c29a60a94c59effeeb2b78d8b95038135","default-hasher:ed7c19232d71b0cf","rustc 1.97.0 (2d8144b78 2026-07-07)","x86_64-unknown-linux-gnu","Linux 7.0.11-76070011-generic x86_64","Intel(R) Core(TM) Ultra 7 155H","/dev/nvme0n1p3[/tmp] ext4   rw,nosuid,nodev,noatime,errors=remount-ro","/tmp/pigment-db-durability-bench","mutex_file_reference","append_plus_barrier","key_set","file","minimal_callback","1","32","5","8","1024","1052480034","972.940072","1072536","0"
"reference-pre-feature","6d7edc7c29a60a94c59effeeb2b78d8b95038135","default-hasher:ed7c19232d71b0cf","rustc 1.97.0 (2d8144b78 2026-07-07)","x86_64-unknown-linux-gnu","Linux 7.0.11-76070011-generic x86_64","Intel(R) Core(TM) Ultra 7 155H","/dev/nvme0n1p3[/tmp] ext4   rw,nosuid,nodev,noatime,errors=remount-ro","/tmp/pigment-db-durability-bench","mutex_file_reference","append_plus_barrier","key_set","file","minimal_callback","1","32","5","9","1024","1074283175","953.193742","1096536","0"
"reference-pre-feature","6d7edc7c29a60a94c59effeeb2b78d8b95038135","default-hasher:ed7c19232d71b0cf","rustc 1.97.0 (2d8144b78 2026-07-07)","x86_64-unknown-linux-gnu","Linux 7.0.11-76070011-generic x86_64","Intel(R) Core(TM) Ultra 7 155H","/dev/nvme0n1p3[/tmp] ext4   rw,nosuid,nodev,noatime,errors=remount-ro","/tmp/pigment-db-durability-bench","mutex_file_reference","append_plus_barrier","key_set","file","minimal_callback","1","32","5","10","1024","1079507677","948.580563","1338358","0"
"reference-pre-feature","6d7edc7c29a60a94c59effeeb2b78d8b95038135","default-hasher:ed7c19232d71b0cf","rustc 1.97.0 (2d8144b78 2026-07-07)","x86_64-unknown-linux-gnu","Linux 7.0.11-76070011-generic x86_64","Intel(R) Core(TM) Ultra 7 155H","/dev/nvme0n1p3[/tmp] ext4   rw,nosuid,nodev,noatime,errors=remount-ro","/tmp/pigment-db-durability-bench","mutex_file_reference","append_plus_barrier","key_set","file","minimal_callback","8","32","5","0","1024","1251471314","818.236893","5158868","0"
"reference-pre-feature","6d7edc7c29a60a94c59effeeb2b78d8b95038135","default-hasher:ed7c19232d71b0cf","rustc 1.97.0 (2d8144b78 2026-07-07)","x86_64-unknown-linux-gnu","Linux 7.0.11-76070011-generic x86_64","Intel(R) Core(TM) Ultra 7 155H","/dev/nvme0n1p3[/tmp] ext4   rw,nosuid,nodev,noatime,errors=remount-ro","/tmp/pigment-db-durability-bench","mutex_file_reference","append_plus_barrier","key_set","file","minimal_callback","8","32","5","1","1024","1039484264","985.103898","1089149","0"
"reference-pre-feature","6d7edc7c29a60a94c59effeeb2b78d8b95038135","default-hasher:ed7c19232d71b0cf","rustc 1.97.0 (2d8144b78 2026-07-07)","x86_64-unknown-linux-gnu","Linux 7.0.11-76070011-generic x86_64","Intel(R) Core(TM) Ultra 7 155H","/dev/nvme0n1p3[/tmp] ext4   rw,nosuid,nodev,noatime,errors=remount-ro","/tmp/pigment-db-durability-bench","mutex_file_reference","append_plus_barrier","key_set","file","minimal_callback","8","32","5","2","1024","1028738279","995.394087","1005524","0"
"reference-pre-feature","6d7edc7c29a60a94c59effeeb2b78d8b95038135","default-hasher:ed7c19232d71b0cf","rustc 1.97.0 (2d8144b78 2026-07-07)","x86_64-unknown-linux-gnu","Linux 7.0.11-76070011-generic x86_64","Intel(R) Core(TM) Ultra 7 155H","/dev/nvme0n1p3[/tmp] ext4   rw,nosuid,nodev,noatime,errors=remount-ro","/tmp/pigment-db-durability-bench","mutex_file_reference","append_plus_barrier","key_set","file","minimal_callback","8","32","5","3","1024","1057243725","968.556233","1021269","0"
"reference-pre-feature","6d7edc7c29a60a94c59effeeb2b78d8b95038135","default-hasher:ed7c19232d71b0cf","rustc 1.97.0 (2d8144b78 2026-07-07)","x86_64-unknown-linux-gnu","Linux 7.0.11-76070011-generic x86_64","Intel(R) Core(TM) Ultra 7 155H","/dev/nvme0n1p3[/tmp] ext4   rw,nosuid,nodev,noatime,errors=remount-ro","/tmp/pigment-db-durability-bench","mutex_file_reference","append_plus_barrier","key_set","file","minimal_callback","8","32","5","4","1024","1033467686","990.838914","1044326","0"
"reference-pre-feature","6d7edc7c29a60a94c59effeeb2b78d8b95038135","default-hasher:ed7c19232d71b0cf","rustc 1.97.0 (2d8144b78 2026-07-07)","x86_64-unknown-linux-gnu","Linux 7.0.11-76070011-generic x86_64","Intel(R) Core(TM) Ultra 7 155H","/dev/nvme0n1p3[/tmp] ext4   rw,nosuid,nodev,noatime,errors=remount-ro","/tmp/pigment-db-durability-bench","mutex_file_reference","append_plus_barrier","key_set","file","minimal_callback","8","32","5","5","1024","1050613690","974.668434","1017255","0"
"reference-pre-feature","6d7edc7c29a60a94c59effeeb2b78d8b95038135","default-hasher:ed7c19232d71b0cf","rustc 1.97.0 (2d8144b78 2026-07-07)","x86_64-unknown-linux-gnu","Linux 7.0.11-76070011-generic x86_64","Intel(R) Core(TM) Ultra 7 155H","/dev/nvme0n1p3[/tmp] ext4   rw,nosuid,nodev,noatime,errors=remount-ro","/tmp/pigment-db-durability-bench","mutex_file_reference","append_plus_barrier","key_set","file","minimal_callback","8","32","5","6","1024","1055133986","970.492860","1042231","0"
"reference-pre-feature","6d7edc7c29a60a94c59effeeb2b78d8b95038135","default-hasher:ed7c19232d71b0cf","rustc 1.97.0 (2d8144b78 2026-07-07)","x86_64-unknown-linux-gnu","Linux 7.0.11-76070011-generic x86_64","Intel(R) Core(TM) Ultra 7 155H","/dev/nvme0n1p3[/tmp] ext4   rw,nosuid,nodev,noatime,errors=remount-ro","/tmp/pigment-db-durability-bench","mutex_file_reference","append_plus_barrier","key_set","file","minimal_callback","8","32","5","7","1024","1043588123","981.230025","1041151","0"
"reference-pre-feature","6d7edc7c29a60a94c59effeeb2b78d8b95038135","default-hasher:ed7c19232d71b0cf","rustc 1.97.0 (2d8144b78 2026-07-07)","x86_64-unknown-linux-gnu","Linux 7.0.11-76070011-generic x86_64","Intel(R) Core(TM) Ultra 7 155H","/dev/nvme0n1p3[/tmp] ext4   rw,nosuid,nodev,noatime,errors=remount-ro","/tmp/pigment-db-durability-bench","mutex_file_reference","append_plus_barrier","key_set","file","minimal_callback","8","32","5","8","1024","1032524998","991.743543","1006060","0"
"reference-pre-feature","6d7edc7c29a60a94c59effeeb2b78d8b95038135","default-hasher:ed7c19232d71b0cf","rustc 1.97.0 (2d8144b78 2026-07-07)","x86_64-unknown-linux-gnu","Linux 7.0.11-76070011-generic x86_64","Intel(R) Core(TM) Ultra 7 155H","/dev/nvme0n1p3[/tmp] ext4   rw,nosuid,nodev,noatime,errors=remount-ro","/tmp/pigment-db-durability-bench","mutex_file_reference","append_plus_barrier","key_set","file","minimal_callback","8","32","5","9","1024","1049403152","975.792762","1008018","0"
"reference-pre-feature","6d7edc7c29a60a94c59effeeb2b78d8b95038135","default-hasher:ed7c19232d71b0cf","rustc 1.97.0 (2d8144b78 2026-07-07)","x86_64-unknown-linux-gnu","Linux 7.0.11-76070011-generic x86_64","Intel(R) Core(TM) Ultra 7 155H","/dev/nvme0n1p3[/tmp] ext4   rw,nosuid,nodev,noatime,errors=remount-ro","/tmp/pigment-db-durability-bench","mutex_file_reference","append_plus_barrier","key_set","file","minimal_callback","8","32","5","10","1024","1045383951","979.544405","1015002","0"
"reference-pre-feature","6d7edc7c29a60a94c59effeeb2b78d8b95038135","default-hasher:ed7c19232d71b0cf","rustc 1.97.0 (2d8144b78 2026-07-07)","x86_64-unknown-linux-gnu","Linux 7.0.11-76070011-generic x86_64","Intel(R) Core(TM) Ultra 7 155H","/dev/nvme0n1p3[/tmp] ext4   rw,nosuid,nodev,noatime,errors=remount-ro","/tmp/pigment-db-durability-bench","mutex_file_reference","append_plus_barrier","key_map","file","ordinary_write","1","32","5","0","1024","1054598191","970.985925","1030902","0"
"reference-pre-feature","6d7edc7c29a60a94c59effeeb2b78d8b95038135","default-hasher:ed7c19232d71b0cf","rustc 1.97.0 (2d8144b78 2026-07-07)","x86_64-unknown-linux-gnu","Linux 7.0.11-76070011-generic x86_64","Intel(R) Core(TM) Ultra 7 155H","/dev/nvme0n1p3[/tmp] ext4   rw,nosuid,nodev,noatime,errors=remount-ro","/tmp/pigment-db-durability-bench","mutex_file_reference","append_plus_barrier","key_map","file","ordinary_write","1","32","5","1","1024","1091279336","938.348199","1106532","0"
"reference-pre-feature","6d7edc7c29a60a94c59effeeb2b78d8b95038135","default-hasher:ed7c19232d71b0cf","rustc 1.97.0 (2d8144b78 2026-07-07)","x86_64-unknown-linux-gnu","Linux 7.0.11-76070011-generic x86_64","Intel(R) Core(TM) Ultra 7 155H","/dev/nvme0n1p3[/tmp] ext4   rw,nosuid,nodev,noatime,errors=remount-ro","/tmp/pigment-db-durability-bench","mutex_file_reference","append_plus_barrier","key_map","file","ordinary_write","1","32","5","2","1024","1046937427","978.090928","1007886","0"
"reference-pre-feature","6d7edc7c29a60a94c59effeeb2b78d8b95038135","default-hasher:ed7c19232d71b0cf","rustc 1.97.0 (2d8144b78 2026-07-07)","x86_64-unknown-linux-gnu","Linux 7.0.11-76070011-generic x86_64","Intel(R) Core(TM) Ultra 7 155H","/dev/nvme0n1p3[/tmp] ext4   rw,nosuid,nodev,noatime,errors=remount-ro","/tmp/pigment-db-durability-bench","mutex_file_reference","append_plus_barrier","key_map","file","ordinary_write","1","32","5","3","1024","1044280794","980.579176","1037343","0"
"reference-pre-feature","6d7edc7c29a60a94c59effeeb2b78d8b95038135","default-hasher:ed7c19232d71b0cf","rustc 1.97.0 (2d8144b78 2026-07-07)","x86_64-unknown-linux-gnu","Linux 7.0.11-76070011-generic x86_64","Intel(R) Core(TM) Ultra 7 155H","/dev/nvme0n1p3[/tmp] ext4   rw,nosuid,nodev,noatime,errors=remount-ro","/tmp/pigment-db-durability-bench","mutex_file_reference","append_plus_barrier","key_map","file","ordinary_write","1","32","5","4","1024","1060277184","965.785188","1015695","0"
"reference-pre-feature","6d7edc7c29a60a94c59effeeb2b78d8b95038135","default-hasher:ed7c19232d71b0cf","rustc 1.97.0 (2d8144b78 2026-07-07)","x86_64-unknown-linux-gnu","Linux 7.0.11-76070011-generic x86_64","Intel(R) Core(TM) Ultra 7 155H","/dev/nvme0n1p3[/tmp] ext4   rw,nosuid,nodev,noatime,errors=remount-ro","/tmp/pigment-db-durability-bench","mutex_file_reference","append_plus_barrier","key_map","file","ordinary_write","1","32","5","5","1024","1035441686","988.949947","981769","0"
"reference-pre-feature","6d7edc7c29a60a94c59effeeb2b78d8b95038135","default-hasher:ed7c19232d71b0cf","rustc 1.97.0 (2d8144b78 2026-07-07)","x86_64-unknown-linux-gnu","Linux 7.0.11-76070011-generic x86_64","Intel(R) Core(TM) Ultra 7 155H","/dev/nvme0n1p3[/tmp] ext4   rw,nosuid,nodev,noatime,errors=remount-ro","/tmp/pigment-db-durability-bench","mutex_file_reference","append_plus_barrier","key_map","file","ordinary_write","1","32","5","6","1024","1011083152","1012.775258","918764","0"
"reference-pre-feature","6d7edc7c29a60a94c59effeeb2b78d8b95038135","default-hasher:ed7c19232d71b0cf","rustc 1.97.0 (2d8144b78 2026-07-07)","x86_64-unknown-linux-gnu","Linux 7.0.11-76070011-generic x86_64","Intel(R) Core(TM) Ultra 7 155H","/dev/nvme0n1p3[/tmp] ext4   rw,nosuid,nodev,noatime,errors=remount-ro","/tmp/pigment-db-durability-bench","mutex_file_reference","append_plus_barrier","key_map","file","ordinary_write","1","32","5","7","1024","1034859754","989.506062","983139","0"
"reference-pre-feature","6d7edc7c29a60a94c59effeeb2b78d8b95038135","default-hasher:ed7c19232d71b0cf","rustc 1.97.0 (2d8144b78 2026-07-07)","x86_64-unknown-linux-gnu","Linux 7.0.11-76070011-generic x86_64","Intel(R) Core(TM) Ultra 7 155H","/dev/nvme0n1p3[/tmp] ext4   rw,nosuid,nodev,noatime,errors=remount-ro","/tmp/pigment-db-durability-bench","mutex_file_reference","append_plus_barrier","key_map","file","ordinary_write","1","32","5","8","1024","1006470738","1017.416564","993444","0"
"reference-pre-feature","6d7edc7c29a60a94c59effeeb2b78d8b95038135","default-hasher:ed7c19232d71b0cf","rustc 1.97.0 (2d8144b78 2026-07-07)","x86_64-unknown-linux-gnu","Linux 7.0.11-76070011-generic x86_64","Intel(R) Core(TM) Ultra 7 155H","/dev/nvme0n1p3[/tmp] ext4   rw,nosuid,nodev,noatime,errors=remount-ro","/tmp/pigment-db-durability-bench","mutex_file_reference","append_plus_barrier","key_map","file","ordinary_write","1","32","5","9","1024","1048363557","976.760393","992999","0"
"reference-pre-feature","6d7edc7c29a60a94c59effeeb2b78d8b95038135","default-hasher:ed7c19232d71b0cf","rustc 1.97.0 (2d8144b78 2026-07-07)","x86_64-unknown-linux-gnu","Linux 7.0.11-76070011-generic x86_64","Intel(R) Core(TM) Ultra 7 155H","/dev/nvme0n1p3[/tmp] ext4   rw,nosuid,nodev,noatime,errors=remount-ro","/tmp/pigment-db-durability-bench","mutex_file_reference","append_plus_barrier","key_map","file","ordinary_write","1","32","5","10","1024","1008471147","1015.398411","993876","0"
"reference-pre-feature","6d7edc7c29a60a94c59effeeb2b78d8b95038135","default-hasher:ed7c19232d71b0cf","rustc 1.97.0 (2d8144b78 2026-07-07)","x86_64-unknown-linux-gnu","Linux 7.0.11-76070011-generic x86_64","Intel(R) Core(TM) Ultra 7 155H","/dev/nvme0n1p3[/tmp] ext4   rw,nosuid,nodev,noatime,errors=remount-ro","/tmp/pigment-db-durability-bench","mutex_file_reference","append_plus_barrier","key_map","file","ordinary_write","8","32","5","0","1024","1052459687","972.958882","1005790","0"
"reference-pre-feature","6d7edc7c29a60a94c59effeeb2b78d8b95038135","default-hasher:ed7c19232d71b0cf","rustc 1.97.0 (2d8144b78 2026-07-07)","x86_64-unknown-linux-gnu","Linux 7.0.11-76070011-generic x86_64","Intel(R) Core(TM) Ultra 7 155H","/dev/nvme0n1p3[/tmp] ext4   rw,nosuid,nodev,noatime,errors=remount-ro","/tmp/pigment-db-durability-bench","mutex_file_reference","append_plus_barrier","key_map","file","ordinary_write","8","32","5","1","1024","1028207958","995.907484","999048","0"
"reference-pre-feature","6d7edc7c29a60a94c59effeeb2b78d8b95038135","default-hasher:ed7c19232d71b0cf","rustc 1.97.0 (2d8144b78 2026-07-07)","x86_64-unknown-linux-gnu","Linux 7.0.11-76070011-generic x86_64","Intel(R) Core(TM) Ultra 7 155H","/dev/nvme0n1p3[/tmp] ext4   rw,nosuid,nodev,noatime,errors=remount-ro","/tmp/pigment-db-durability-bench","mutex_file_reference","append_plus_barrier","key_map","file","ordinary_write","8","32","5","2","1024","1028069370","996.041736","1017456","0"
"reference-pre-feature","6d7edc7c29a60a94c59effeeb2b78d8b95038135","default-hasher:ed7c19232d71b0cf","rustc 1.97.0 (2d8144b78 2026-07-07)","x86_64-unknown-linux-gnu","Linux 7.0.11-76070011-generic x86_64","Intel(R) Core(TM) Ultra 7 155H","/dev/nvme0n1p3[/tmp] ext4   rw,nosuid,nodev,noatime,errors=remount-ro","/tmp/pigment-db-durability-bench","mutex_file_reference","append_plus_barrier","key_map","file","ordinary_write","8","32","5","3","1024","1044574603","980.303367","1003011","0"
"reference-pre-feature","6d7edc7c29a60a94c59effeeb2b78d8b95038135","default-hasher:ed7c19232d71b0cf","rustc 1.97.0 (2d8144b78 2026-07-07)","x86_64-unknown-linux-gnu","Linux 7.0.11-76070011-generic x86_64","Intel(R) Core(TM) Ultra 7 155H","/dev/nvme0n1p3[/tmp] ext4   rw,nosuid,nodev,noatime,errors=remount-ro","/tmp/pigment-db-durability-bench","mutex_file_reference","append_plus_barrier","key_map","file","ordinary_write","8","32","5","4","1024","1037941887","986.567758","994862","0"
"reference-pre-feature","6d7edc7c29a60a94c59effeeb2b78d8b95038135","default-hasher:ed7c19232d71b0cf","rustc 1.97.0 (2d8144b78 2026-07-07)","x86_64-unknown-linux-gnu","Linux 7.0.11-76070011-generic x86_64","Intel(R) Core(TM) Ultra 7 155H","/dev/nvme0n1p3[/tmp] ext4   rw,nosuid,nodev,noatime,errors=remount-ro","/tmp/pigment-db-durability-bench","mutex_file_reference","append_plus_barrier","key_map","file","ordinary_write","8","32","5","5","1024","1638506866","624.959237","3566900","0"
"reference-pre-feature","6d7edc7c29a60a94c59effeeb2b78d8b95038135","default-hasher:ed7c19232d71b0cf","rustc 1.97.0 (2d8144b78 2026-07-07)","x86_64-unknown-linux-gnu","Linux 7.0.11-76070011-generic x86_64","Intel(R) Core(TM) Ultra 7 155H","/dev/nvme0n1p3[/tmp] ext4   rw,nosuid,nodev,noatime,errors=remount-ro","/tmp/pigment-db-durability-bench","mutex_file_reference","append_plus_barrier","key_map","file","ordinary_write","8","32","5","6","1024","1045762804","979.189541","1011642","0"
"reference-pre-feature","6d7edc7c29a60a94c59effeeb2b78d8b95038135","default-hasher:ed7c19232d71b0cf","rustc 1.97.0 (2d8144b78 2026-07-07)","x86_64-unknown-linux-gnu","Linux 7.0.11-76070011-generic x86_64","Intel(R) Core(TM) Ultra 7 155H","/dev/nvme0n1p3[/tmp] ext4   rw,nosuid,nodev,noatime,errors=remount-ro","/tmp/pigment-db-durability-bench","mutex_file_reference","append_plus_barrier","key_map","file","ordinary_write","8","32","5","7","1024","1044832826","980.061092","1035827","0"
"reference-pre-feature","6d7edc7c29a60a94c59effeeb2b78d8b95038135","default-hasher:ed7c19232d71b0cf","rustc 1.97.0 (2d8144b78 2026-07-07)","x86_64-unknown-linux-gnu","Linux 7.0.11-76070011-generic x86_64","Intel(R) Core(TM) Ultra 7 155H","/dev/nvme0n1p3[/tmp] ext4   rw,nosuid,nodev,noatime,errors=remount-ro","/tmp/pigment-db-durability-bench","mutex_file_reference","append_plus_barrier","key_map","file","ordinary_write","8","32","5","8","1024","1034692240","989.666261","1005947","0"
"reference-pre-feature","6d7edc7c29a60a94c59effeeb2b78d8b95038135","default-hasher:ed7c19232d71b0cf","rustc 1.97.0 (2d8144b78 2026-07-07)","x86_64-unknown-linux-gnu","Linux 7.0.11-76070011-generic x86_64","Intel(R) Core(TM) Ultra 7 155H","/dev/nvme0n1p3[/tmp] ext4   rw,nosuid,nodev,noatime,errors=remount-ro","/tmp/pigment-db-durability-bench","mutex_file_reference","append_plus_barrier","key_map","file","ordinary_write","8","32","5","9","1024","1053060473","972.403795","1064434","0"
"reference-pre-feature","6d7edc7c29a60a94c59effeeb2b78d8b95038135","default-hasher:ed7c19232d71b0cf","rustc 1.97.0 (2d8144b78 2026-07-07)","x86_64-unknown-linux-gnu","Linux 7.0.11-76070011-generic x86_64","Intel(R) Core(TM) Ultra 7 155H","/dev/nvme0n1p3[/tmp] ext4   rw,nosuid,nodev,noatime,errors=remount-ro","/tmp/pigment-db-durability-bench","mutex_file_reference","append_plus_barrier","key_map","file","ordinary_write","8","32","5","10","1024","1046278837","978.706597","1015170","0"
"reference-pre-feature","6d7edc7c29a60a94c59effeeb2b78d8b95038135","default-hasher:ed7c19232d71b0cf","rustc 1.97.0 (2d8144b78 2026-07-07)","x86_64-unknown-linux-gnu","Linux 7.0.11-76070011-generic x86_64","Intel(R) Core(TM) Ultra 7 155H","/dev/nvme0n1p3[/tmp] ext4   rw,nosuid,nodev,noatime,errors=remount-ro","/tmp/pigment-db-durability-bench","mutex_file_reference","append_plus_barrier","key_map","file","successful_remove","1","32","5","0","1024","1037687624","986.809495","975209","0"
"reference-pre-feature","6d7edc7c29a60a94c59effeeb2b78d8b95038135","default-hasher:ed7c19232d71b0cf","rustc 1.97.0 (2d8144b78 2026-07-07)","x86_64-unknown-linux-gnu","Linux 7.0.11-76070011-generic x86_64","Intel(R) Core(TM) Ultra 7 155H","/dev/nvme0n1p3[/tmp] ext4   rw,nosuid,nodev,noatime,errors=remount-ro","/tmp/pigment-db-durability-bench","mutex_file_reference","append_plus_barrier","key_map","file","successful_remove","1","32","5","1","1024","1033285917","991.013216","967308","0"
"reference-pre-feature","6d7edc7c29a60a94c59effeeb2b78d8b95038135","default-hasher:ed7c19232d71b0cf","rustc 1.97.0 (2d8144b78 2026-07-07)","x86_64-unknown-linux-gnu","Linux 7.0.11-76070011-generic x86_64","Intel(R) Core(TM) Ultra 7 155H","/dev/nvme0n1p3[/tmp] ext4   rw,nosuid,nodev,noatime,errors=remount-ro","/tmp/pigment-db-durability-bench","mutex_file_reference","append_plus_barrier","key_map","file","successful_remove","1","32","5","2","1024","1045600249","979.341771","981940","0"
"reference-pre-feature","6d7edc7c29a60a94c59effeeb2b78d8b95038135","default-hasher:ed7c19232d71b0cf","rustc 1.97.0 (2d8144b78 2026-07-07)","x86_64-unknown-linux-gnu","Linux 7.0.11-76070011-generic x86_64","Intel(R) Core(TM) Ultra 7 155H","/dev/nvme0n1p3[/tmp] ext4   rw,nosuid,nodev,noatime,errors=remount-ro","/tmp/pigment-db-durability-bench","mutex_file_reference","append_plus_barrier","key_map","file","successful_remove","1","32","5","3","1024","1027210598","996.874450","968988","0"
"reference-pre-feature","6d7edc7c29a60a94c59effeeb2b78d8b95038135","default-hasher:ed7c19232d71b0cf","rustc 1.97.0 (2d8144b78 2026-07-07)","x86_64-unknown-linux-gnu","Linux 7.0.11-76070011-generic x86_64","Intel(R) Core(TM) Ultra 7 155H","/dev/nvme0n1p3[/tmp] ext4   rw,nosuid,nodev,noatime,errors=remount-ro","/tmp/pigment-db-durability-bench","mutex_file_reference","append_plus_barrier","key_map","file","successful_remove","1","32","5","4","1024","1030313435","993.872316","959502","0"
"reference-pre-feature","6d7edc7c29a60a94c59effeeb2b78d8b95038135","default-hasher:ed7c19232d71b0cf","rustc 1.97.0 (2d8144b78 2026-07-07)","x86_64-unknown-linux-gnu","Linux 7.0.11-76070011-generic x86_64","Intel(R) Core(TM) Ultra 7 155H","/dev/nvme0n1p3[/tmp] ext4   rw,nosuid,nodev,noatime,errors=remount-ro","/tmp/pigment-db-durability-bench","mutex_file_reference","append_plus_barrier","key_map","file","successful_remove","1","32","5","5","1024","1038612301","985.930938","954733","0"
"reference-pre-feature","6d7edc7c29a60a94c59effeeb2b78d8b95038135","default-hasher:ed7c19232d71b0cf","rustc 1.97.0 (2d8144b78 2026-07-07)","x86_64-unknown-linux-gnu","Linux 7.0.11-76070011-generic x86_64","Intel(R) Core(TM) Ultra 7 155H","/dev/nvme0n1p3[/tmp] ext4   rw,nosuid,nodev,noatime,errors=remount-ro","/tmp/pigment-db-durability-bench","mutex_file_reference","append_plus_barrier","key_map","file","successful_remove","1","32","5","6","1024","1028983095","995.157263","997955","0"
"reference-pre-feature","6d7edc7c29a60a94c59effeeb2b78d8b95038135","default-hasher:ed7c19232d71b0cf","rustc 1.97.0 (2d8144b78 2026-07-07)","x86_64-unknown-linux-gnu","Linux 7.0.11-76070011-generic x86_64","Intel(R) Core(TM) Ultra 7 155H","/dev/nvme0n1p3[/tmp] ext4   rw,nosuid,nodev,noatime,errors=remount-ro","/tmp/pigment-db-durability-bench","mutex_file_reference","append_plus_barrier","key_map","file","successful_remove","1","32","5","7","1024","1022761468","1001.210969","982848","0"
"reference-pre-feature","6d7edc7c29a60a94c59effeeb2b78d8b95038135","default-hasher:ed7c19232d71b0cf","rustc 1.97.0 (2d8144b78 2026-07-07)","x86_64-unknown-linux-gnu","Linux 7.0.11-76070011-generic x86_64","Intel(R) Core(TM) Ultra 7 155H","/dev/nvme0n1p3[/tmp] ext4   rw,nosuid,nodev,noatime,errors=remount-ro","/tmp/pigment-db-durability-bench","mutex_file_reference","append_plus_barrier","key_map","file","successful_remove","1","32","5","8","1024","1033400613","990.903225","965253","0"
"reference-pre-feature","6d7edc7c29a60a94c59effeeb2b78d8b95038135","default-hasher:ed7c19232d71b0cf","rustc 1.97.0 (2d8144b78 2026-07-07)","x86_64-unknown-linux-gnu","Linux 7.0.11-76070011-generic x86_64","Intel(R) Core(TM) Ultra 7 155H","/dev/nvme0n1p3[/tmp] ext4   rw,nosuid,nodev,noatime,errors=remount-ro","/tmp/pigment-db-durability-bench","mutex_file_reference","append_plus_barrier","key_map","file","successful_remove","1","32","5","9","1024","1043979496","980.862176","1015941","0"
"reference-pre-feature","6d7edc7c29a60a94c59effeeb2b78d8b95038135","default-hasher:ed7c19232d71b0cf","rustc 1.97.0 (2d8144b78 2026-07-07)","x86_64-unknown-linux-gnu","Linux 7.0.11-76070011-generic x86_64","Intel(R) Core(TM) Ultra 7 155H","/dev/nvme0n1p3[/tmp] ext4   rw,nosuid,nodev,noatime,errors=remount-ro","/tmp/pigment-db-durability-bench","mutex_file_reference","append_plus_barrier","key_map","file","successful_remove","1","32","5","10","1024","1031021166","993.190085","978931","0"
"reference-pre-feature","6d7edc7c29a60a94c59effeeb2b78d8b95038135","default-hasher:ed7c19232d71b0cf","rustc 1.97.0 (2d8144b78 2026-07-07)","x86_64-unknown-linux-gnu","Linux 7.0.11-76070011-generic x86_64","Intel(R) Core(TM) Ultra 7 155H","/dev/nvme0n1p3[/tmp] ext4   rw,nosuid,nodev,noatime,errors=remount-ro","/tmp/pigment-db-durability-bench","mutex_file_reference","append_plus_barrier","key_map","file","successful_remove","8","32","5","0","1024","1036703376","987.746373","993409","0"
"reference-pre-feature","6d7edc7c29a60a94c59effeeb2b78d8b95038135","default-hasher:ed7c19232d71b0cf","rustc 1.97.0 (2d8144b78 2026-07-07)","x86_64-unknown-linux-gnu","Linux 7.0.11-76070011-generic x86_64","Intel(R) Core(TM) Ultra 7 155H","/dev/nvme0n1p3[/tmp] ext4   rw,nosuid,nodev,noatime,errors=remount-ro","/tmp/pigment-db-durability-bench","mutex_file_reference","append_plus_barrier","key_map","file","successful_remove","8","32","5","1","1024","1010875045","1012.983756","997606","0"
"reference-pre-feature","6d7edc7c29a60a94c59effeeb2b78d8b95038135","default-hasher:ed7c19232d71b0cf","rustc 1.97.0 (2d8144b78 2026-07-07)","x86_64-unknown-linux-gnu","Linux 7.0.11-76070011-generic x86_64","Intel(R) Core(TM) Ultra 7 155H","/dev/nvme0n1p3[/tmp] ext4   rw,nosuid,nodev,noatime,errors=remount-ro","/tmp/pigment-db-durability-bench","mutex_file_reference","append_plus_barrier","key_map","file","successful_remove","8","32","5","2","1024","1039599439","984.994760","990999","0"
"reference-pre-feature","6d7edc7c29a60a94c59effeeb2b78d8b95038135","default-hasher:ed7c19232d71b0cf","rustc 1.97.0 (2d8144b78 2026-07-07)","x86_64-unknown-linux-gnu","Linux 7.0.11-76070011-generic x86_64","Intel(R) Core(TM) Ultra 7 155H","/dev/nvme0n1p3[/tmp] ext4   rw,nosuid,nodev,noatime,errors=remount-ro","/tmp/pigment-db-durability-bench","mutex_file_reference","append_plus_barrier","key_map","file","successful_remove","8","32","5","3","1024","1043151751","981.640494","1025535","0"
"reference-pre-feature","6d7edc7c29a60a94c59effeeb2b78d8b95038135","default-hasher:ed7c19232d71b0cf","rustc 1.97.0 (2d8144b78 2026-07-07)","x86_64-unknown-linux-gnu","Linux 7.0.11-76070011-generic x86_64","Intel(R) Core(TM) Ultra 7 155H","/dev/nvme0n1p3[/tmp] ext4   rw,nosuid,nodev,noatime,errors=remount-ro","/tmp/pigment-db-durability-bench","mutex_file_reference","append_plus_barrier","key_map","file","successful_remove","8","32","5","4","1024","1062133287","964.097456","1055697","0"
"reference-pre-feature","6d7edc7c29a60a94c59effeeb2b78d8b95038135","default-hasher:ed7c19232d71b0cf","rustc 1.97.0 (2d8144b78 2026-07-07)","x86_64-unknown-linux-gnu","Linux 7.0.11-76070011-generic x86_64","Intel(R) Core(TM) Ultra 7 155H","/dev/nvme0n1p3[/tmp] ext4   rw,nosuid,nodev,noatime,errors=remount-ro","/tmp/pigment-db-durability-bench","mutex_file_reference","append_plus_barrier","key_map","file","successful_remove","8","32","5","5","1024","1019634445","1004.281490","1016482","0"
"reference-pre-feature","6d7edc7c29a60a94c59effeeb2b78d8b95038135","default-hasher:ed7c19232d71b0cf","rustc 1.97.0 (2d8144b78 2026-07-07)","x86_64-unknown-linux-gnu","Linux 7.0.11-76070011-generic x86_64","Intel(R) Core(TM) Ultra 7 155H","/dev/nvme0n1p3[/tmp] ext4   rw,nosuid,nodev,noatime,errors=remount-ro","/tmp/pigment-db-durability-bench","mutex_file_reference","append_plus_barrier","key_map","file","successful_remove","8","32","5","6","1024","1045379083","979.548966","1012474","0"
"reference-pre-feature","6d7edc7c29a60a94c59effeeb2b78d8b95038135","default-hasher:ed7c19232d71b0cf","rustc 1.97.0 (2d8144b78 2026-07-07)","x86_64-unknown-linux-gnu","Linux 7.0.11-76070011-generic x86_64","Intel(R) Core(TM) Ultra 7 155H","/dev/nvme0n1p3[/tmp] ext4   rw,nosuid,nodev,noatime,errors=remount-ro","/tmp/pigment-db-durability-bench","mutex_file_reference","append_plus_barrier","key_map","file","successful_remove","8","32","5","7","1024","1029592269","994.568463","1087330","0"
"reference-pre-feature","6d7edc7c29a60a94c59effeeb2b78d8b95038135","default-hasher:ed7c19232d71b0cf","rustc 1.97.0 (2d8144b78 2026-07-07)","x86_64-unknown-linux-gnu","Linux 7.0.11-76070011-generic x86_64","Intel(R) Core(TM) Ultra 7 155H","/dev/nvme0n1p3[/tmp] ext4   rw,nosuid,nodev,noatime,errors=remount-ro","/tmp/pigment-db-durability-bench","mutex_file_reference","append_plus_barrier","key_map","file","successful_remove","8","32","5","8","1024","1052914003","972.539065","1068014","0"
"reference-pre-feature","6d7edc7c29a60a94c59effeeb2b78d8b95038135","default-hasher:ed7c19232d71b0cf","rustc 1.97.0 (2d8144b78 2026-07-07)","x86_64-unknown-linux-gnu","Linux 7.0.11-76070011-generic x86_64","Intel(R) Core(TM) Ultra 7 155H","/dev/nvme0n1p3[/tmp] ext4   rw,nosuid,nodev,noatime,errors=remount-ro","/tmp/pigment-db-durability-bench","mutex_file_reference","append_plus_barrier","key_map","file","successful_remove","8","32","5","9","1024","1067192625","959.526871","1104703","0"
"reference-pre-feature","6d7edc7c29a60a94c59effeeb2b78d8b95038135","default-hasher:ed7c19232d71b0cf","rustc 1.97.0 (2d8144b78 2026-07-07)","x86_64-unknown-linux-gnu","Linux 7.0.11-76070011-generic x86_64","Intel(R) Core(TM) Ultra 7 155H","/dev/nvme0n1p3[/tmp] ext4   rw,nosuid,nodev,noatime,errors=remount-ro","/tmp/pigment-db-durability-bench","mutex_file_reference","append_plus_barrier","key_map","file","successful_remove","8","32","5","10","1024","1052185235","973.212668","1043335","0"
"reference-pre-feature","6d7edc7c29a60a94c59effeeb2b78d8b95038135","default-hasher:ed7c19232d71b0cf","rustc 1.97.0 (2d8144b78 2026-07-07)","x86_64-unknown-linux-gnu","Linux 7.0.11-76070011-generic x86_64","Intel(R) Core(TM) Ultra 7 155H","/dev/nvme0n1p3[/tmp] ext4   rw,nosuid,nodev,noatime,errors=remount-ro","/tmp/pigment-db-durability-bench","mutex_file_reference","append_plus_barrier","key_map","file","minimal_callback","1","32","5","0","1024","1055261575","970.375520","1039294","0"
"reference-pre-feature","6d7edc7c29a60a94c59effeeb2b78d8b95038135","default-hasher:ed7c19232d71b0cf","rustc 1.97.0 (2d8144b78 2026-07-07)","x86_64-unknown-linux-gnu","Linux 7.0.11-76070011-generic x86_64","Intel(R) Core(TM) Ultra 7 155H","/dev/nvme0n1p3[/tmp] ext4   rw,nosuid,nodev,noatime,errors=remount-ro","/tmp/pigment-db-durability-bench","mutex_file_reference","append_plus_barrier","key_map","file","minimal_callback","1","32","5","1","1024","1044344120","980.519716","1004597","0"
"reference-pre-feature","6d7edc7c29a60a94c59effeeb2b78d8b95038135","default-hasher:ed7c19232d71b0cf","rustc 1.97.0 (2d8144b78 2026-07-07)","x86_64-unknown-linux-gnu","Linux 7.0.11-76070011-generic x86_64","Intel(R) Core(TM) Ultra 7 155H","/dev/nvme0n1p3[/tmp] ext4   rw,nosuid,nodev,noatime,errors=remount-ro","/tmp/pigment-db-durability-bench","mutex_file_reference","append_plus_barrier","key_map","file","minimal_callback","1","32","5","2","1024","1046088952","978.884251","980261","0"
"reference-pre-feature","6d7edc7c29a60a94c59effeeb2b78d8b95038135","default-hasher:ed7c19232d71b0cf","rustc 1.97.0 (2d8144b78 2026-07-07)","x86_64-unknown-linux-gnu","Linux 7.0.11-76070011-generic x86_64","Intel(R) Core(TM) Ultra 7 155H","/dev/nvme0n1p3[/tmp] ext4   rw,nosuid,nodev,noatime,errors=remount-ro","/tmp/pigment-db-durability-bench","mutex_file_reference","append_plus_barrier","key_map","file","minimal_callback","1","32","5","3","1024","1020710837","1003.222424","958742","0"
"reference-pre-feature","6d7edc7c29a60a94c59effeeb2b78d8b95038135","default-hasher:ed7c19232d71b0cf","rustc 1.97.0 (2d8144b78 2026-07-07)","x86_64-unknown-linux-gnu","Linux 7.0.11-76070011-generic x86_64","Intel(R) Core(TM) Ultra 7 155H","/dev/nvme0n1p3[/tmp] ext4   rw,nosuid,nodev,noatime,errors=remount-ro","/tmp/pigment-db-durability-bench","mutex_file_reference","append_plus_barrier","key_map","file","minimal_callback","1","32","5","4","1024","1039189271","985.383538","998071","0"
"reference-pre-feature","6d7edc7c29a60a94c59effeeb2b78d8b95038135","default-hasher:ed7c19232d71b0cf","rustc 1.97.0 (2d8144b78 2026-07-07)","x86_64-unknown-linux-gnu","Linux 7.0.11-76070011-generic x86_64","Intel(R) Core(TM) Ultra 7 155H","/dev/nvme0n1p3[/tmp] ext4   rw,nosuid,nodev,noatime,errors=remount-ro","/tmp/pigment-db-durability-bench","mutex_file_reference","append_plus_barrier","key_map","file","minimal_callback","1","32","5","5","1024","1055305526","970.335107","1000466","0"
"reference-pre-feature","6d7edc7c29a60a94c59effeeb2b78d8b95038135","default-hasher:ed7c19232d71b0cf","rustc 1.97.0 (2d8144b78 2026-07-07)","x86_64-unknown-linux-gnu","Linux 7.0.11-76070011-generic x86_64","Intel(R) Core(TM) Ultra 7 155H","/dev/nvme0n1p3[/tmp] ext4   rw,nosuid,nodev,noatime,errors=remount-ro","/tmp/pigment-db-durability-bench","mutex_file_reference","append_plus_barrier","key_map","file","minimal_callback","1","32","5","6","1024","1270924417","805.712744","2731463","0"
"reference-pre-feature","6d7edc7c29a60a94c59effeeb2b78d8b95038135","default-hasher:ed7c19232d71b0cf","rustc 1.97.0 (2d8144b78 2026-07-07)","x86_64-unknown-linux-gnu","Linux 7.0.11-76070011-generic x86_64","Intel(R) Core(TM) Ultra 7 155H","/dev/nvme0n1p3[/tmp] ext4   rw,nosuid,nodev,noatime,errors=remount-ro","/tmp/pigment-db-durability-bench","mutex_file_reference","append_plus_barrier","key_map","file","minimal_callback","1","32","5","7","1024","1041987568","982.737253","1013952","0"
"reference-pre-feature","6d7edc7c29a60a94c59effeeb2b78d8b95038135","default-hasher:ed7c19232d71b0cf","rustc 1.97.0 (2d8144b78 2026-07-07)","x86_64-unknown-linux-gnu","Linux 7.0.11-76070011-generic x86_64","Intel(R) Core(TM) Ultra 7 155H","/dev/nvme0n1p3[/tmp] ext4   rw,nosuid,nodev,noatime,errors=remount-ro","/tmp/pigment-db-durability-bench","mutex_file_reference","append_plus_barrier","key_map","file","minimal_callback","1","32","5","8","1024","1019135375","1004.773286","976481","0"
"reference-pre-feature","6d7edc7c29a60a94c59effeeb2b78d8b95038135","default-hasher:ed7c19232d71b0cf","rustc 1.97.0 (2d8144b78 2026-07-07)","x86_64-unknown-linux-gnu","Linux 7.0.11-76070011-generic x86_64","Intel(R) Core(TM) Ultra 7 155H","/dev/nvme0n1p3[/tmp] ext4   rw,nosuid,nodev,noatime,errors=remount-ro","/tmp/pigment-db-durability-bench","mutex_file_reference","append_plus_barrier","key_map","file","minimal_callback","1","32","5","9","1024","1039514476","985.075267","1020019","0"
"reference-pre-feature","6d7edc7c29a60a94c59effeeb2b78d8b95038135","default-hasher:ed7c19232d71b0cf","rustc 1.97.0 (2d8144b78 2026-07-07)","x86_64-unknown-linux-gnu","Linux 7.0.11-76070011-generic x86_64","Intel(R) Core(TM) Ultra 7 155H","/dev/nvme0n1p3[/tmp] ext4   rw,nosuid,nodev,noatime,errors=remount-ro","/tmp/pigment-db-durability-bench","mutex_file_reference","append_plus_barrier","key_map","file","minimal_callback","1","32","5","10","1024","1022691556","1001.279412","962495","0"
"reference-pre-feature","6d7edc7c29a60a94c59effeeb2b78d8b95038135","default-hasher:ed7c19232d71b0cf","rustc 1.97.0 (2d8144b78 2026-07-07)","x86_64-unknown-linux-gnu","Linux 7.0.11-76070011-generic x86_64","Intel(R) Core(TM) Ultra 7 155H","/dev/nvme0n1p3[/tmp] ext4   rw,nosuid,nodev,noatime,errors=remount-ro","/tmp/pigment-db-durability-bench","mutex_file_reference","append_plus_barrier","key_map","file","minimal_callback","8","32","5","0","1024","1014516996","1009.347309","1005300","0"
"reference-pre-feature","6d7edc7c29a60a94c59effeeb2b78d8b95038135","default-hasher:ed7c19232d71b0cf","rustc 1.97.0 (2d8144b78 2026-07-07)","x86_64-unknown-linux-gnu","Linux 7.0.11-76070011-generic x86_64","Intel(R) Core(TM) Ultra 7 155H","/dev/nvme0n1p3[/tmp] ext4   rw,nosuid,nodev,noatime,errors=remount-ro","/tmp/pigment-db-durability-bench","mutex_file_reference","append_plus_barrier","key_map","file","minimal_callback","8","32","5","1","1024","1036002342","988.414754","1018062","0"
"reference-pre-feature","6d7edc7c29a60a94c59effeeb2b78d8b95038135","default-hasher:ed7c19232d71b0cf","rustc 1.97.0 (2d8144b78 2026-07-07)","x86_64-unknown-linux-gnu","Linux 7.0.11-76070011-generic x86_64","Intel(R) Core(TM) Ultra 7 155H","/dev/nvme0n1p3[/tmp] ext4   rw,nosuid,nodev,noatime,errors=remount-ro","/tmp/pigment-db-durability-bench","mutex_file_reference","append_plus_barrier","key_map","file","minimal_callback","8","32","5","2","1024","1017507272","1006.381014","1006731","0"
"reference-pre-feature","6d7edc7c29a60a94c59effeeb2b78d8b95038135","default-hasher:ed7c19232d71b0cf","rustc 1.97.0 (2d8144b78 2026-07-07)","x86_64-unknown-linux-gnu","Linux 7.0.11-76070011-generic x86_64","Intel(R) Core(TM) Ultra 7 155H","/dev/nvme0n1p3[/tmp] ext4   rw,nosuid,nodev,noatime,errors=remount-ro","/tmp/pigment-db-durability-bench","mutex_file_reference","append_plus_barrier","key_map","file","minimal_callback","8","32","5","3","1024","1026468612","997.595044","1010202","0"
"reference-pre-feature","6d7edc7c29a60a94c59effeeb2b78d8b95038135","default-hasher:ed7c19232d71b0cf","rustc 1.97.0 (2d8144b78 2026-07-07)","x86_64-unknown-linux-gnu","Linux 7.0.11-76070011-generic x86_64","Intel(R) Core(TM) Ultra 7 155H","/dev/nvme0n1p3[/tmp] ext4   rw,nosuid,nodev,noatime,errors=remount-ro","/tmp/pigment-db-durability-bench","mutex_file_reference","append_plus_barrier","key_map","file","minimal_callback","8","32","5","4","1024","1050191593","975.060176","1026841","0"
"reference-pre-feature","6d7edc7c29a60a94c59effeeb2b78d8b95038135","default-hasher:ed7c19232d71b0cf","rustc 1.97.0 (2d8144b78 2026-07-07)","x86_64-unknown-linux-gnu","Linux 7.0.11-76070011-generic x86_64","Intel(R) Core(TM) Ultra 7 155H","/dev/nvme0n1p3[/tmp] ext4   rw,nosuid,nodev,noatime,errors=remount-ro","/tmp/pigment-db-durability-bench","mutex_file_reference","append_plus_barrier","key_map","file","minimal_callback","8","32","5","5","1024","1016819269","1007.061954","1026414","0"
"reference-pre-feature","6d7edc7c29a60a94c59effeeb2b78d8b95038135","default-hasher:ed7c19232d71b0cf","rustc 1.97.0 (2d8144b78 2026-07-07)","x86_64-unknown-linux-gnu","Linux 7.0.11-76070011-generic x86_64","Intel(R) Core(TM) Ultra 7 155H","/dev/nvme0n1p3[/tmp] ext4   rw,nosuid,nodev,noatime,errors=remount-ro","/tmp/pigment-db-durability-bench","mutex_file_reference","append_plus_barrier","key_map","file","minimal_callback","8","32","5","6","1024","1040707851","983.945686","1001394","0"
"reference-pre-feature","6d7edc7c29a60a94c59effeeb2b78d8b95038135","default-hasher:ed7c19232d71b0cf","rustc 1.97.0 (2d8144b78 2026-07-07)","x86_64-unknown-linux-gnu","Linux 7.0.11-76070011-generic x86_64","Intel(R) Core(TM) Ultra 7 155H","/dev/nvme0n1p3[/tmp] ext4   rw,nosuid,nodev,noatime,errors=remount-ro","/tmp/pigment-db-durability-bench","mutex_file_reference","append_plus_barrier","key_map","file","minimal_callback","8","32","5","7","1024","1038848351","985.706912","993010","0"
"reference-pre-feature","6d7edc7c29a60a94c59effeeb2b78d8b95038135","default-hasher:ed7c19232d71b0cf","rustc 1.97.0 (2d8144b78 2026-07-07)","x86_64-unknown-linux-gnu","Linux 7.0.11-76070011-generic x86_64","Intel(R) Core(TM) Ultra 7 155H","/dev/nvme0n1p3[/tmp] ext4   rw,nosuid,nodev,noatime,errors=remount-ro","/tmp/pigment-db-durability-bench","mutex_file_reference","append_plus_barrier","key_map","file","minimal_callback","8","32","5","8","1024","1034799180","989.563985","997309","0"
"reference-pre-feature","6d7edc7c29a60a94c59effeeb2b78d8b95038135","default-hasher:ed7c19232d71b0cf","rustc 1.97.0 (2d8144b78 2026-07-07)","x86_64-unknown-linux-gnu","Linux 7.0.11-76070011-generic x86_64","Intel(R) Core(TM) Ultra 7 155H","/dev/nvme0n1p3[/tmp] ext4   rw,nosuid,nodev,noatime,errors=remount-ro","/tmp/pigment-db-durability-bench","mutex_file_reference","append_plus_barrier","key_map","file","minimal_callback","8","32","5","9","1024","1046119623","978.855551","1007613","0"
"reference-pre-feature","6d7edc7c29a60a94c59effeeb2b78d8b95038135","default-hasher:ed7c19232d71b0cf","rustc 1.97.0 (2d8144b78 2026-07-07)","x86_64-unknown-linux-gnu","Linux 7.0.11-76070011-generic x86_64","Intel(R) Core(TM) Ultra 7 155H","/dev/nvme0n1p3[/tmp] ext4   rw,nosuid,nodev,noatime,errors=remount-ro","/tmp/pigment-db-durability-bench","mutex_file_reference","append_plus_barrier","key_map","file","minimal_callback","8","32","5","10","1024","1031766178","992.472928","1001148","0"
